id,nombre,apellido,direccion,telefono,dni,especialidad,empresa,edad,salario
1,PUaDmnRV,iRqVqBtIan,ksBEChtTPgKp,5041403830,81570162,tVzqycZKaK,gPktxpbj,47,74750
2,hiRAljza,XBlaHdZUyC,XxhHyoinEUDx,8760211086,77584737,xamYSpeOkc,JtfpXUAJ,59,52172
3,cwhIYCQR,MXdjpkZgRJ,UgUhmiQKcAGe,1285764588,83463440,PLqzgkKIii,VRxOtTeY,46,56099
4,aShoRTxx,gHsIbimBfk,XyyIJQVAVvnq,5061091177,58099497,XiMlGhCSHa,lXRJIrSj,39,83065
5,ttPMEYsM,eNtXURexxA,qOMXyxeRLBHj,5147883979,72819178,otqysoruFW,CzJSmISn,29,53679
6,nwhHfwvz,kGiBOVjWuW,BZpuzbAGQVLf,9600022213,61449664,gVgngTPMLz,cBYJfOYS,61,60706
7,LOEvRsNb,KeGRTpGbIm,wLATiNnIsQfd,1546026059,10966061,oygzwDFMbo,gXDNlEpr,46,97445
8,xWAVfxnz,xjorJlvTzF,yfqCeuaHiVxp,2512702991,89737726,bWMxGNqqDu,TrkWqUFe,34,34960
9,HNPxrovM,RjzFCSlJPx,hwaMTCfFYjcv,1297597702,18610749,zMCGPHiIOi,HRDTQMxu,19,84497
10,ENTvgusq,CkacHOVgmL,EMpdPkaRfrLC,8448204999,17356191,UJJZnSFcdv,zQlpQPVO,53,83329
11,VTALysED,NYriLUUTMx,qglHRCTRDEth,4621550535,92087565,cTwsvPMHIM,PdqAHtui,50,96565
12,aEupeajr,pOowFEqvet,HAeRCUVFjQxj,4932784329,25729319,LFfznzZxWi,JyWyAWYW,60,50157
13,lTivgjRP,KrFbXtrCDf,YvcltPxGYjxk,4691505231,11687049,jEmoBXQKyG,YrJVgvmJ,58,48176
14,OmodgcaB,SzfcoksYvd,qbpPKRQXReDW,1588773961,87282667,SXhjZTCeoL,ibFVLAwX,48,53453
15,RqNnDGis,rLErBWNKBz,NhbKuEYhiwqv,3604869658,26662911,tiaskUBeHV,vwiaNzCv,25,91304
16,eSrPIEGM,HIhnRSoOpz,TqrrIAXYKaxn,6237577739,97284594,wfoMFCFVGv,TNFMQSPn,49,93635
17,cvXLaAcQ,EwwtmWTKuH,XRxoIOrnIsfr,8767980925,49336441,ohTZCzlSOR,CCZMyKUT,58,27186
18,foQPyLLZ,hBvrvZjkuS,MaPcxLmZCqsy,4240306201,31188152,vjWWHllOze,YTYpqaxr,49,85332
19,wuKqLOSQ,sjOqprNVyE,EWwWTPGLiGuQ,4715675904,21090505,jyeQIodjne,eQMJNYSJ,25,67376
20,xztdtOXO,fHrCYvkKmJ,YwHpeiwgKiwA,1527887066,52653707,FlpdleYStl,IaNMWMmp,56,97632
21,dmkTrQky,TKZiIDiiHk,OdvBveJpKTdz,3026175160,11630473,oggYMNMVHN,lGXKqmdr,51,39055
22,pIJPxxTr,gIxmgkHhfN,miwkSXYSDTjQ,6535991348,66571204,ymSBELgkvv,qgiKezEi,29,76937
23,KZTUEbgL,eUUNXuZRkA,SivCbbssQQNt,5202025548,11837408,TlfVwaZMuQ,xYwPUhki,44,40477
24,xXwVQOLe,LdfupujYiq,yWSZDaGCoMMV,1750313821,27059239,zaBTjVGQnu,mtPzNiGO,47,65765
25,XLYHJzZu,fJEMRAvASd,CiwIQSzgvEjd,2721680653,29421436,XXVjfXygNB,dunWaqqQ,49,60677
26,REGeInIE,ANBoYMacvV,lgPWKvvHOzTZ,5314421993,68230228,bbvqADsDTt,dvPfYuFZ,48,29906
27,dKJqgzhl,xrxklGhXVe,ZXIFDXYCadMi,5670674314,20848295,KkiaUALlij,cAjAdOVT,53,38068
28,qtuhEpYK,DcdMxhiolZ,kDCYJSfDcfAO,9952408779,78461762,VLiiteVvXJ,wzmqPJXX,63,67774
29,DajykflQ,IxnqvnaCcv,eYHzOjFlfsgm,6032648748,12204081,dehnhKvMNK,wGFMmeGW,54,71615
30,sbirQZWy,MgfROuyGdC,TYiKUtQvlntP,9441139617,72579460,QKckYucyQY,JZtNvyiR,19,65514
31,EoKmETUU,yjNfFwZObz,cIrdTWSZsKTx,9751462599,16701157,qAqvZEKEGF,ZOgFjwGC,36,74180
32,tDGdfBRt,yQVlfNpiaq,RLOyNrWJPbLj,7271850376,99102739,plrLluOytD,icHtvKMF,25,53205
33,avGtyfjD,DVipMOjjSq,vwTssYCtOzht,9155915415,56133718,zIhHZmRSap,xVqzDGNC,32,32410
34,cJCBmNxw,UyyIdnzixD,TPDKqHhztLiF,4412144878,85010271,NCoQpjusGN,ypFrdaaP,42,83711
35,SALAZFyM,ShJSSTntDQ,pTJkNipYsECv,8310160375,67910500,LqCKCBmXmy,CatoUOXo,46,77509
36,SXDYJqcE,QxstCqsmyR,RAexksNsLVFB,4990571858,99370493,AjujgPdJSk,svPkGJFM,28,93419
37,lJPMWyJI,cDccSLzgxt,fLtoMjwbOPKZ,9847941649,36071457,RdfeEgqudK,SEnbLzkK,46,22591
38,SbiFFfpv,wVsNXUzZfY,jMySUeCYFdmq,7254912208,49433051,KPElMnUtXg,PUNONWUa,28,33036
39,UuuzOMsj,nRvnbbCWfS,PfpTnfedTToH,8378084309,59350530,FriwIgVcTU,FiLfPSbs,46,71804
40,AnPbXdKF,wrIYRpwpoQ,UkyZIBrUhOqm,5471606113,17905384,aYmUtSzufL,TWjnlmXg,31,64164
41,siVuZjtR,iKiFRtLjrm,wYZZYYdZRNxy,1986554128,27602424,CYqdWlTZrL,BtlGGVMo,26,39485
42,CoigJrFv,xtHitOYtFE,ozKvrHCyxOgs,3138821412,78065064,iETGPSDNeL,EUiCNPjJ,51,72680
43,zacOaaoh,MkuAcDKOKR,RrEvHSHlkvYp,5603908706,68958882,XrHJKqIost,OyjeXrAq,61,94745
44,dQvuFsZE,inbvwKMsmU,BWfvnBTcaXyM,1050708815,27063232,rezAZzgqBD,vKFfoCUP,29,41687
45,huKtihZa,DIuHZLSKSw,WneoaDOfkNxh,7212198381,87842850,wqVlXzUzQj,ABKYIOUI,64,38162
46,zVKDPgod,ZwNtIZOyog,BhDuwEXLXkHX,6203555864,12269560,oFwjAnslJv,JocLhJXP,24,25536
47,PIhmZcqw,OGBXxcDyRh,aXqYYICkzPUx,3171535078,36339688,BNaLJWmgjW,JLpQHkqi,34,33741
48,qiYDMbkl,kGbwZjdyMZ,EhZUXoODpvCX,5784498937,96746648,VXUrmCafLL,hdbAyZjX,20,61041
49,yrkFiNYR,nvPNcllCZw,VpORpJjqHMNs,7190028947,61216851,SPsiRSZjKb,byZvEEXs,29,67483
50,MQwtBHam,NbFmHufCdg,KPNJMRjGDhVp,4655036968,94737845,SwVRwymSlj,kWcJJZXb,61,66602
51,vXeHdprW,QldXnInpSb,FdJlWdZUsvrn,4498852737,22207163,FKbGiNPLCi,NrsMjyox,19,55057
52,ryRJuNJj,wLSLAGfvTO,VCSOiBoivpDd,7678714972,18864687,UdPvxwuNcS,ebOAiyWl,36,97046
53,WGlKCTJw,sbGGrExFhV,aOrzmtxAiyiq,7928840366,40899641,IKwDqRLoYx,PWlhWBwY,53,40721
54,gcxpjTsT,lCDZghjeJm,qaxlWRoTMgto,6284752067,90383733,xIrzxBGKOF,lgqaSUVO,46,37928
55,CtmjaWgh,PnlgDfVFld,haQxDeBkhCqH,2424409139,38945928,VBIxacFJmJ,UvRnIyCg,63,94894
56,rDyYzHMm,rPKImGCgGE,pFkhjdcsbotB,7072749101,92703309,mniUzoZUkc,juoHkrrv,25,74765
57,PQKvxGrY,asWAZzVCzo,QChnaXSlbIWF,4424982620,12394182,jKBwKZUycF,PthViaEY,63,65705
58,nhCRCimD,MPJCCEHgaY,kqROBLTLoIuu,8401125076,10355307,FEiOUhZrUb,VFOzAmUH,52,38395
59,XroxaxTh,tGbQfprDDR,wNcpBXYXZraE,2691717399,25389560,kLMQBxBqNO,BSOqYlYM,65,25620
60,UmZOwFZF,mSYLxJzphk,tbVAXwTawQOD,3304872357,68088866,JeQfegFKHB,XixpitPi,29,69427
61,QkFcXjcF,MCvdcSfsHK,EDUXXdztwhoG,8199117717,92446272,ZIZltPKVsu,DOlnTPIr,29,86969
62,QNcNKrEg,EDOSThZvEn,UPipfvivCwOn,8981879219,24156547,lsQEqdeEbg,RrNrtzLW,53,96595
63,hxLHQcqA,PETwwExPdH,YnpgHfyJKCao,6872101292,28644091,eSMrVgkcCQ,ujmDYoeL,54,81798
64,IfrcwKCt,UXNiATkVQt,hTHrqcXRGYGw,1736264844,10108936,eOOvJSaTmP,AHgRtcmi,35,77057
65,LaJXEhFc,mJbMofWFcZ,GsmtFfAleSrq,2524916082,33014727,cfuEYxJvMg,OuKKORgi,41,81910
66,XciiECdC,QzULuNPxOL,FntsBsxXwFAC,7076331296,72293523,USniMSYmiu,NeCXuHuv,50,58901
67,nrmcTTCE,nxVXZJKNfD,DOxUZxJlanQL,7496530190,82822277,ynQCvBsWza,ieexnKLN,63,86836
68,SuOHgsTT,FNhmYLMygL,iEZTcRQfzmGp,1210851074,41859765,aEdkTNmpfY,tJWwVqfd,38,34930
69,yHfIMxyL,fjQlBzGPKP,OWFmviCxbSJR,6064213802,43964329,OMtiAOfCFq,JLzuKPDL,30,99946
70,utETHtlx,xDaLfMpGDj,LAJGNnnkRPZO,6979802301,95172059,rAMVZVhZoM,EHwyMQKb,23,75306
71,FiTUCXtD,UFjVhJXDAo,nuBUWKHbsUFe,1650222585,37790717,yOOQUeQFmU,iEuxTpgL,59,64105
72,WwTZNrdH,UchLJIxHaP,jcNkxYbeRmPV,1829178252,15275898,EOXCcEuHBJ,sojEaVrT,45,48147
73,nFSqNLLq,CfszoAdERD,LCxSYbpHnvfG,4255008216,25634197,hUhYGUITyy,ABopmaLq,32,93323
74,SNPxmDyJ,tZIKJzqQkX,iKjavwNMoeMY,7108142723,69712727,Xymiaaftpg,gZKzyJbu,26,63987
75,IaAYeRBL,MFIShpjwpk,rxxYHqdwxNgj,6410018554,25742638,YtdOcoYkrq,YEVcREoU,65,38428
76,hTVfyojw,IkZJqmPRCJ,smMvDVCUEURk,9307814023,99487101,lgybtRkNfO,GKihgnYj,43,66213
77,JbYGkmqc,BDiCplwVAC,UTEoMMmFAIth,2633437865,63117637,HvGeHKqxKi,BHoAJZhn,28,84632
78,gMhOrYmt,mXaLdSvHne,PZXxEsLqbenM,3245008251,31221302,FevmdOieqj,EZNhwXYJ,58,33896
79,QJNbaHnP,ulGxwiPMPn,OvYEQLCqUJSf,5883516493,53086801,FGKLshmKKn,cPMSgFHJ,56,20930
80,kKBTrklq,TEYgtXLWyj,quCWcshFMzmF,4247906772,91695562,AfaSffSsyr,bhpImkJZ,44,80589
81,ggFcgHEI,KBcUbgUZbH,zNhSlaeeEQHI,5461078308,88898251,ObXhgyjbVh,SimPXUNO,57,98501
82,AIKwlbCQ,HMynLQEnQC,ioSuoXkwdZwA,4402501272,22194694,UbrSAeExiM,HSkgjAnQ,34,84372
83,wVmAkRyC,ajAtTlzsJC,ASxnDLywzjRF,4032727535,33212943,SUDuudZnfE,jPqsYvBj,31,25951
84,NkrTLWLF,ipRVHpGKJB,OnjSIlwcYZdo,8857359088,84320304,xbwnlBrLjP,gQOneURT,33,33719
85,fWCQiHae,EqNjffWPRZ,YCJfdpFuXoCg,1048275248,30592466,aaftYVbliJ,TsxctcOl,60,56067
86,ATkWlKzJ,OouIGCCWDf,xLCtzmwuVetL,9732529782,72486617,NPQLoEBWjn,AlVIdpjs,61,91954
87,CHtGPIeP,hVoPGhwsJI,HNhLWtiVTzWk,4369048950,90765119,GjZwDfnBMm,TZpxTzgt,32,25803
88,MJhQrvsh,ICxufeBUPq,zQVWRhmtDyMT,2296077990,96386545,XIKgMQjtIV,waLawQPp,43,59521
89,BJOsqFTH,NYPvQPPJfB,OBJEYOrRsMSI,9562753817,87187224,NHXeeOWhEH,DZahJAxq,36,30098
90,BGHacFXq,bgqhrAeAHP,eDhmgxugQAbZ,8409166680,37972832,RicspHedXS,KsFYlvMZ,61,54367
91,ZTWRcays,VpIsMIwYWM,meftiWUNQesP,9173122818,51321209,mqeDfQoIvB,fpAluWDL,62,36526
92,upDOaEcL,sZSUKfEoei,latErDHDIeQK,3627409967,70785383,qijiGOyDqB,MeUyAJEt,41,50594
93,PPXbxpRg,NuVMZCvxwP,DLxjTCpMptSR,9662872246,62498169,kZFBXMDZDR,XPHVpUHf,23,30733
94,smsxquYE,FgSWnLlCuG,ZSvuQVPHbWoJ,7823850644,59913877,UBQywwAKpg,tomKCdqz,49,81706
95,eDMkXJSl,YyzGFCBVOu,uKrpbFpQFslp,6571864547,78893418,xqjksToxjt,ekJvYhyv,62,58896
96,RbnjjWjX,VcjFfLPeXt,EHcxMnFbvCTN,9630151292,62092523,qqRfGFWHDU,oFbTbydj,36,33516
97,nrVVMfvV,zvhiQzAoRu,vaGrSEkbyFca,3599393945,85498510,cFCbnmmukn,DuLnREXn,36,30530
98,CNAPMIwS,UxSfXzqvCJ,yCBDuRJJvQbu,7876411445,72677309,hgLVNzBcAW,Bpbzzkri,51,47987
99,lrQBFhrs,pVDNfnlbzh,rBeYkaAYWfDc,3758009869,97497469,AURdYsdSXS,CbFXPRPg,59,27504
100,yOBhfZFy,OQnCljqIIn,wbjUZyiZKwdw,7678432911,81234104,mZikVlvKzF,ipEKUZKd,18,32402
101,IFAainLx,ttGJIFNHlF,orGQsEpEqimU,9004981908,57629328,cUXlZBEaNB,NapSXiIi,30,51627
102,QzPWRXqS,WBXLLYJLQJ,mUdMeObEVlgZ,9044201757,43010279,wbRdtVykyw,RKInRUzE,19,83914
103,NvWGFqju,nTLzUyHEcw,WGnQjnEWkSVR,8276982828,52886219,gKdflyHoIv,khXhNNnY,46,30327
104,zebfoWEA,plXgPBXjot,iVYKeylmVSDf,7712773474,73906544,UsbSAknmCb,eUMPMgQv,39,66267
105,YNNsHsbp,hjpQwCQacP,ZIWOgmpCktmU,8834550964,40368586,DdnPGoYWMR,CMfgpRZh,40,76212
106,YZSeyBep,BnihFqzVxO,fLojsVFMCUrr,5171501641,40061272,OoWDmljqXw,XmHklitw,40,24523
107,QiprvWGu,pWiQCnZYhX,wlfMkMVzZXmc,3012106890,75238979,sCohBMuCqe,DNLigPfb,51,93986
108,JEoRMRPD,fZNHzyEOKo,qVnldbIPzuKx,1005753295,82266948,EJrranaAeI,drJSMlhU,27,80233
109,LhOajdAC,iinkkmJqhn,qhWQKnbMbcJg,7159257377,41389421,PsBSLSSNaF,GuTDbjyG,20,25183
110,iVVIaugr,emjcqlaRly,RKwwCAjDXuhp,9720286340,63271069,MKRxXvqbgN,vKQbzWbs,28,65229
111,wcAWRtvx,RrmQsbnbMz,ybjmmeowVYiC,8174952308,65075471,oKfMqtgzmD,BtcgZZIV,42,58173
112,sXfuUFVf,OqwRYWwWlT,JhqoGmISNwqe,6702087250,25924302,KuOOJNCbNQ,DNXDomMQ,50,84246
113,sVytZUBi,WWisnYjeap,tFSBgGcncFNd,3766817590,69206961,prTCzBwefp,qlGeqflV,53,86041
114,RodSTEhI,osWDrvRhBK,aVxcphMsvSzS,4886362664,47898328,spMCjbEfnd,fzeNvqSu,50,32194
115,CWjxnvSM,sAWExCXxFf,iQelAucCsggt,7184477258,59694978,moTfTktCTT,ieHCHRRK,53,45563
116,njmSJERv,LZPvGHauZz,ZhgtRKJRcxYi,4490554087,48325358,DypfgwmaNT,RDWlvGCl,49,78318
117,DIsLCSvi,XJqVmkmjRA,NYGYXQUqDPjz,2651909711,74753110,PzEHwLasCJ,uPKaWsoC,22,64712
118,mMJzLLiE,ZikvodQbzN,KogIuugQHIoF,9031435148,77369515,rrkRIHjSfD,imYNqfbC,47,60833
119,RCGrCpQE,sUJFQFJLAX,WnammZLnZMLr,5951163082,71331439,LfjRVNstNe,WmCbyzEw,31,78557
120,IZsyPypQ,RgvUZDJpwo,cHNilhEpXRWd,5847130456,50166760,XnHDlOBTlE,ztAEqyGk,25,57105
121,ZtqCsYpr,xIDYAPgNhK,WUOdYabokjfd,5500648117,21963072,LEswCEjqwS,adHmGvgq,33,53314
122,StihWhCE,QAORreeijQ,uaevCsOlUspy,9895965645,74626419,xflxntWalQ,VZYoVLpU,53,54919
123,VgCYQAXN,dorFfloRWq,HoEfVLipYIoH,3304335157,92406166,LCGaZtvuNu,ANXbDXdO,29,63024
124,kTnFTNnV,DaEekFBRbv,SioDnfrrners,6945027031,33968432,tfLdHbXvoF,TvNEVyuC,28,20384
125,PIWorMCW,HhgwcioDND,awJSJIvKDdVg,1298929638,20647042,YDZQuNMtPI,DubsULDR,26,67424
126,BnbbfoFj,zzPPYAVwWM,gtEAmXikDoZw,2926185944,24894600,bxmuXmFjJb,SKtxXiZi,46,67013
127,HJRKREMQ,DCxxigicUZ,iTPXlEIZWNVi,7813150190,58928947,YntEHhGzNS,QgsiFFts,46,29023
128,jQUYQWtA,QgjRxLYwGh,dWDhccTFMGgl,5278722714,21173659,aZpFxQJjws,WWzMwdkT,45,55545
129,ThekhkDZ,AMXweGmpQb,MNLQxpjsqFbR,6112011569,54731456,XNuIZumkvm,zxMNvVGa,63,86461
130,mCbKukUo,lVwRrnnPqw,OYznYqvqMpOq,5133322743,30688827,xmtVeVvAvY,KipGVDhl,40,34049
131,zZZqDRgK,cqfbTiRiKh,gxBvSFdknKKG,8311721219,40290115,otqLUbvgdQ,hBogNcdA,52,37565
132,mjFIyBiu,bTEdnmLuYB,AHSUwhGeBJZq,3287701968,18254944,FWMqDsquQa,HLuByyCS,35,79625
133,lEmytLqq,NvtDsqoPZe,TbAwRKNZNADi,7295133136,14629927,zOIpmBcyRl,vcOQwQaU,52,99213
134,tBERDPop,KHVwQXqPxx,aXRSnpsDTGGb,3350224367,54567993,vXYFolBDEC,LvzzUepZ,22,49885
135,AqOeqkem,fhNzydIgdr,bVUBerkjEeGE,4699390273,97681536,pnuCRHKQZi,nlzZZPii,54,73815
136,SodMGgkB,eOZgVuGbDW,AwPDeNEFSvbi,6578251259,18990611,MNssmkByHU,kfpFcWTj,28,76219
137,pimCspsC,tUovZnqXPj,VPfBSVpeljrk,3931107678,71830855,VDWBCKtGpT,ANZElZPh,61,35770
138,MYGSMocN,KzywqAuESJ,eJMBcSoguIev,1644040984,38118290,HyZIOfVWFY,nraHqfYp,57,35203
139,KXRTqTkM,LfNPHOioiz,RpFSAUODmsYu,5950631830,19182965,gthSPDLdMX,WOpiNvTQ,30,82466
140,aduCNJWl,ziOoNFIzsJ,EYHTBcRHjHXu,9282137485,86171579,xWopBpaUEh,QXEbeHaA,49,34292
141,HVfykKrB,UHADHVtlyP,onIPiAaUGZBc,3988934186,82056516,aVBPdpDsXG,abWTSulA,64,22827
142,ffozNGtS,TeJgICJwEx,DRdrnzNCIHps,6349627613,19649660,KCVoCedxnE,hSncEVvR,27,38613
143,UynqQScp,UkdvrWsNKV,tEsmvNKJsKiz,9611468478,18745565,AhBbKBSFaL,UzrTAPgn,34,81538
144,qqSNalke,iGPJFJiKNw,ONisKwMLEehz,9980063653,43325866,bCtZYdLcGJ,mCBxPmqh,39,98027
145,IYMwculy,TFpKxiAIRN,nLsIgkPuOUvv,1246030714,50738612,hSzSBjmwbx,YiegNjSZ,53,80351
146,FnjoQWQX,hVkoJoeahv,ZBclUFXHIfzt,9481267391,50166292,EYsFVEXTZs,VaEVLBbK,51,66681
147,YEFDwSZG,ItVsuFSeGm,mhVXGDUlHEyx,1891633811,72285545,xmUFXWpeub,PQkwqKWe,26,46469
148,VfFuJdkA,WxFILviqRY,uwjQihelEIqk,4546079141,74390709,zomLjZnWlj,ldXqgHyi,53,74096
149,gPZKSPvs,fQAftvgtAf,fZmuTgOKEWBk,8268928705,69109427,NnZPhqXzvA,YSeqnqnZ,26,64861
150,JswMeIbN,GnvaGdptSE,sLzjFyHbMzya,9484110421,12882946,agqqykVrnX,GZpryNUu,65,64981
151,ulFColfT,iqtFcZrWBk,RgloUXikyohy,5800680088,80744049,tfbicSucmK,EDJiZVoO,39,83734
152,HPnulcWH,KFXXEuItXi,ZyqDquwfttee,2754636110,12657530,cbvnDFzCnV,puDnUMBW,60,56982
153,wxPIuqrT,TNNtmumIax,KfvwkODsGsqv,2109964572,29139826,eFOmtSmhHd,ColyuHPe,54,37666
154,vXpPFyGf,MIMBiZgRmy,AyxIxmVOxadv,1220392102,92492965,EpEHVbRedC,VHyZsvlM,30,87667
155,ThgpRJuy,cBDNLaSCuQ,XONNLbsDxsuK,4797335809,41105639,eciSKbdcnw,pProZLGD,40,90361
156,FWANqpZf,qTUPadAcQi,uMgbfcIbUHgm,2874082269,80466329,yRWEVPXOLb,vflLUrcR,29,63032
157,wtWUcezE,LhCHIVjoxU,JBhlkwLlUmVS,7182754938,80236243,RQcGIBqPij,ZEtxLDep,32,41243
158,noSKfYep,ZLODIwWnFH,GHsGFkbMxUol,1811900894,22570625,ctxyMIifvK,lmMSWrUB,50,99811
159,ixsMFnzu,qBXFPOnXEd,yYySsWqQwfHi,8018224479,22376912,PwQYUxkNpv,WcvoYsWb,63,21555
160,vzhdNwFN,WcEuqMPKBM,WVgRmhNzPVrr,4208436832,34193159,LBkYxcQlix,exevomWp,63,29463
161,nOqjJaxx,PZVtNVRcVZ,yKauHLZdjCNQ,8073352189,43095317,SiIONSIuEu,pChhFYdR,52,71772
162,WpHMereC,NWHngcDJRE,BsKnMHAqgRZT,3236921897,59809877,loyQJDLzHt,lvmFmDIM,39,28285
163,mGClySvp,rQSbPLjVfI,QsGiGDlbBGkk,3409272345,60505205,DuQjaIisTm,dHEDSmXi,38,33029
164,pngIEeXK,THxuNFdISo,aTxlDtgNKtXb,2442650395,84174763,DKsuOCvCGP,mqbiOnPi,53,41411
165,KbzEmPnq,zEJEVJApUq,cAGuuWlgIurH,5166475081,65623869,PvCNRnLSXn,vlOlHHja,25,63355
166,pEizznMh,tJIncKREob,njyxVglyZetx,4987631058,86358497,bROdjoidrF,rtzTxmnT,24,75918
167,eaVsFOYo,RSGzIPZWcM,rKlGboGAtVRi,7944613350,86277233,FPKtPfnGKh,AfCwLUvU,61,72930
168,TCAcoGop,wXbwXwugxw,iAYArtXKKWlE,2907206836,29821574,FBwLTOwTWV,yXaGZXFU,51,42338
169,XgeHrPyB,edndioAQgp,njBdnpVjsNLv,2189072153,88451022,CgRBEtnkLE,TZfdDgDv,24,27416
170,wFGiOSRw,EXroWSJMAI,tPmldMpPukED,9236355323,44868517,WOJGyrIxWz,NMRGBUeh,34,97332
171,vaFMwjLs,uILhIWIVeB,QzusPZVBVWml,3846027829,95935295,shxsHLvMyc,wTeaznqj,20,93804
172,QRCetIwg,cdCOfWOKIy,GqVKxXoKDLOw,4970694488,11105810,fAAXPyoNTt,nhAaPXHL,25,82153
173,pDujXUEw,jdmnzTaHOp,sgZQULKjoPZU,4087758145,53379209,goZuQNMlCQ,mwXjKuhT,57,45593
174,OTArqyqM,qnwHlKzklE,pyUUFFRIiacM,8097252734,97911102,ylyyIGqTtG,csxZUxIC,55,42251
175,vOzSSUYt,NEPWHBbkai,BVavSIELGUsT,8277842603,12666953,VMOpDtHcib,HngIOGgY,35,96876
176,mWcODMco,OcazumNdgL,mUTpvHJhZsbN,5176821958,74542244,drqwmkeTdQ,barbLwap,27,89993
177,vluSKpLt,jxuQLoxgzx,PqhSuplSYuEh,8326721324,77665126,qPlJbusEAw,nPUbzNbw,45,89813
178,FBwmvGAN,nBrSbTyiOC,NYzoiVOHMBOH,1149459920,98034970,tkNLVKqZhk,ACFLHguq,34,28305
179,mqmHOgIf,sKQAePNoVj,ahRhVxeeQkYF,1299247929,71426837,hLbfarenpf,UrjdWyoa,31,71731
180,FUMtlzRY,jyqkduUNXX,lFEjnBTutMea,9145930983,91618455,YmZYRaAwxo,ndfeZWCv,61,97403
181,RudxvEQS,qrIkWeWgot,ykiUZHgYuigq,4393471486,65806649,kHSfjlvPdf,QhvoSUUI,55,56161
182,BYpnHzUU,aAcFzBGSBr,aHaNjrFXjfnf,8996530362,72920989,KlRxASoAUc,ZccEJMMV,48,29090
183,uuJMLEii,XOyokvjogi,vjwYRlZFcflL,3652998868,46244267,WBLkfyxBCX,tCleQEQF,57,33567
184,FLTpMwLG,UsjqCrCnhR,lQfSpKxdkaSj,7432106955,17565984,eemHByCrZm,BogJnfvi,46,92990
185,HAwZydfU,qxBtlVFYsz,UDzmCdEmNIgI,8165733421,13780828,upIpFRdMJX,uiBJqQNx,28,49984
186,cYCHdEPm,LOWMwyDDCj,nHmIfEyZFpir,9244766768,42293499,sdADcDNaXY,zeKwDxRD,42,47843
187,LIrYKLdF,sWNcvfyhHR,RyQSbIDPfHta,5341100573,55843195,rWdFawDodM,FLQNFHaE,39,42843
188,nVlZtPBD,vRDMjxlCJr,xQvjURMJjADp,2396371226,28202348,FrzkjxnTkB,RMNbEVIV,61,28364
189,hfnOPeAe,yaNDNUvdJN,BJHqncUPHSTN,4523727708,95221513,CvizZhCRWL,EmsCYZPR,23,68246
190,gmYtrKbL,nJvvsDdyXe,oewwigryyXve,7560064261,38803720,TtwOrFiCYc,jdrZZClQ,28,98212
191,ETrotMRE,cTxJjbRGiL,znHzJYZgerUg,5166771561,46871758,ZueRqTFdNo,IXTRgcmm,61,57805
192,GVcwQTRb,ytUOklmOOv,AXsPPMuAsflf,3723070781,59213647,AiaVjNbgLP,htugrXhl,57,58305
193,rgJoGmvP,pUstBsUsuC,YDhHWsDHEXUV,9096022183,44586469,LnOoCkBccf,CFvkIgfx,44,29730
194,USIctiAN,YaEVAWVlrT,qPfBKqDGfwEY,2136613774,32958546,QsYcbtOkIh,IyoBKwth,52,45844
195,EsklSwfM,PwsjWOZuTf,WfSXNpSOkjSY,1174082358,51746274,BodeyZvoAA,qMQbkOea,30,84790
196,gnNjjCCw,pobKXebHez,hudyHnlgwCbE,3597580006,21403276,FwgMUlHkAn,lfKFssqP,29,83306
197,oNeFVjKK,pmEwOMsHyd,DNqBVhEghExi,3275737732,11144428,bzmlXBaUgP,OcZiuZnn,36,41420
198,BPLzOZeh,wVqRnmfxHv,pcQtPTLStcwg,8439004083,48442491,GtqFTHetNI,HRwPrEcd,21,74724
199,HewxrFJt,heHAHoQJsh,GmBdqDdKImSL,5469672367,31889455,pSqpaNiDXu,xLbDOCei,34,37638
200,uJIRffBb,TctXMUMNqL,sCEZApvDQEQz,1914414727,99832915,nKTFxVTtZa,beyxQHJt,55,50644
201,XKRSIydo,JZRYBiRKTQ,ilqqiqxCyXHH,1316767237,26041787,eHFDeunpVf,ZZdDvbEB,21,74947
202,rcktfuTq,aXUrjDrNQP,xtAibzWZpVmH,8846508996,61683200,VDVzzLmSRG,KMDHucnj,34,91009
203,woQMCqiX,vDUORcNJBl,vkgUaAWrtMuw,3498065781,91601940,mUpXTcUHuk,LnyYfcww,37,88330
204,vsUFgLqQ,zEDqCrmiJL,GOpwggMrwHlR,2046587378,69796148,YXlburzyir,QVdcMYYV,25,72903
205,UPXGaXqO,suBYlOxMqz,DqTcTFHcjeOp,9541488609,42982580,jiNVpdpyzv,JajvDxgI,41,89012
206,VFYTUcSH,vKFaPQeYEE,GoIRWjvGPmAI,5495570494,40192045,eatUaQMjld,IwCMJzTC,44,85756
207,FccDfGbW,zJkQHcxCQq,VmkYICVuQGtC,4744626325,94217886,tZJTNLYfQA,qDgpeJgs,62,67125
208,dJrCZcYY,IXrrcYmDxI,nqMltUdtTsWd,7299255808,21044400,VniIsptQAv,xaTtXIOz,26,20865
209,iLGDUrNc,NYGhUsbYUU,SFsBAibOxtrM,9548474993,17460170,fCIySESIXi,YHSrJSbJ,59,33496
210,xtRcLckf,xxdLXgnmJY,RgNhdAYUkymA,5890526190,36792008,spmLRtHzOS,DuyuafxV,65,65851
211,EamFPRZU,YvrbQjaYrF,rSktkXDVaAAv,1513070381,96750948,GZDHrbcfiS,FASGOfKb,44,99665
212,FJKQubUp,JldalhzwRO,EGZyvTqiAbGg,9805889374,93220991,EKsrFIirlt,VUujQRzB,33,69146
213,eNmPpePo,TqjenGIUcU,tDOXCkGYFlpT,5557432230,28303798,PPhNvCxAVJ,rFqitGgR,37,45795
214,kfRwcHgO,qBPYnAEuIY,OQlznatfHnZy,2604550885,33693696,sXIcVqUmxu,ZCjkBbHT,60,25376
215,ZpXSDGHu,ohABvxyzvs,awFpUDNnSAhe,3284253101,10871015,pYkMUnAkZy,VNQKfvzy,29,41688
216,bVMxxtLC,pIYStcWEmJ,BxoZztIFzJaU,1474812805,21643814,WnTVjciwCS,HHqTptei,19,88804
217,cXzDrvCS,PXPwulzswB,OxCnELwMlkCU,9169031427,82461399,XmdjnfHTeR,YtfwwJYq,56,52431
218,YpNypHfV,AcpUFQcrjC,iaWNXSlEUGEJ,2612990309,65106149,pTxAGsuiGo,ODpnyIOK,34,29600
219,oSLIhmCD,AhPiMeellm,NPYLSUNPFxDO,6302152340,35922576,EyJKfeFteB,PMyoZdNt,49,84425
220,BURkwMOu,NyQXFTeHcy,TFsjJUTlujJV,9547128587,68973559,AZLmjBWzTm,gEfRfKOI,31,26720
221,NniYMYUt,msVPQrwzoe,mLVNUSfYazuL,4165336629,83940072,nReZqGzjwR,gJscfquX,54,63349
222,GhcfysbG,qrjZhkIiRC,YXSVCgbNzmRc,4937935310,69962658,QmamGwvMIs,mXJDBBpx,42,99247
223,MFKpvBhZ,MZQFwkNWth,ElAbxddxcFyc,7075800405,40223382,tLxbjuxfeL,iHOoqEHy,36,74638
224,nWGLlqDF,GEZucCwvxu,fMOHpqzquflC,5754196772,26169154,McQUxmVLLS,cxgMKknY,51,20835
225,oedvvOZE,LWIieYFJhS,gFoZHivQTNOe,5091866364,11044147,fxlpgbDXKw,nwwivlpb,51,97401
226,yOdDaLDl,irmbhxYXtW,OELLkDOGjJmF,1024323481,93523885,UHNEQYhuhU,JDcQxpRx,60,51621
227,ZBmkkvVB,QXbPDJIHuL,etFKlaDfEazt,4756883276,35703345,zLjdLCUOTE,fjHwyBrd,50,35816
228,gOuaDEPC,HgMtYgWiUR,GZOmLDzJTMTK,7015634068,24963747,ReFjyYXJVi,zsMmqAUG,65,56453
229,vrwJWYha,tTAARpxEHH,FDUHHPFssEHh,6594452516,29319177,KevJijNYhr,XLYYmwVB,50,44927
230,MHSbSwvR,krWDzagPsq,AlDaXxlnsmKd,2506696065,83430338,zfjEMgehML,NVhrRsEu,62,22575
231,XwidEphh,PuQgiRSBjI,xpRRHNZxHWpz,1074110141,10529873,wnbZajuVOM,VMGNoDFf,36,68896
232,dABGHfhc,OZseTjfcCv,FErXBSHeaZzk,8587872162,46084929,GOuaOzHOIx,TcsuAttP,29,30509
233,MQsZtqVK,KdSKkneBdf,thwPVBXRRKDK,6630808569,81871097,SDisOukqJp,xTvoAaXh,23,73250
234,gSNnKqYJ,msbfyUsHgE,IMxTSZHxNntK,8653759504,83073174,tNxydiZnMj,PGWtMWCJ,18,76570
235,CWkYEYRs,dEEveGNExT,jIvRGRTcamBO,9462878568,17298007,bPKnEWJlEo,tXUFKIKk,31,20995
236,YSKbiEGd,krZOmEqPPY,FkZvpmpBllqj,2650727367,46638396,BXehPdCGGR,NBzCXyxn,21,73703
237,whtqIaSO,iTdLOGJOLk,fstfSXLthZTe,9803830492,99745160,dBTVFsQNFE,sMibLDgy,21,99624
238,iKLOHKQe,tKvNuQbmnb,eUFEdNRHllmU,7008621525,17748241,LDcYCTMRxS,OQgTGSWD,46,86194
239,cQIWwiHU,qohPXmFMjc,EKezuBPHYdhp,4112120662,76389219,TTtSIbCOaP,NvrmmQAF,53,64890
240,VWOpmIrv,drWqnYvudJ,UHTvvubKeMzL,6588812569,51532082,RMFnobNVOp,UrJHtuBL,35,22478
241,gXkcLoVn,bIOkAIEhjT,tCVmVWEMpouv,4167248306,55278642,vCquLlENEf,slDkDsuI,55,96899
242,mJpuVczh,ZniHWQbbqk,lplZVOXAZkXY,4614230646,64585494,ZjWnHDORmp,DZxiInNW,61,33677
243,RlessVoE,ARPJPLwDDp,FeUNHAndpqKl,1553960065,93957772,bWiDHvyRvF,GQhKfpJJ,48,94760
244,IBvJhtmD,MtJXsnBHPH,jUnnIqhemVps,7137939447,53059687,eFMJpYfpaq,TuzsOjKg,47,37134
245,nBWKlbHK,QTTnXzMurV,QfhcSkONFzMU,6551041267,77890407,LloGUmCytK,ZlnaMhsq,42,47069
246,LiZnecZq,LCSkfcJVfF,xFGGlzAMaVrD,5267619950,18567865,gmlmzMXZpM,DfPSgWgg,55,50287
247,HSgwmaHq,tUFPEhLJiQ,DJjaYhSCERzi,4522768492,11524489,tIPGNXmSue,hvXfmJnj,36,91149
248,khoSgfqy,UdukvYQSPc,RJNKKEkUaWDo,5928828477,72910458,BtFaWWvEpM,CaugtwOO,61,67716
249,nZgUGGIy,yMIBqpKcsH,atcNxiHTTPOS,6965295290,68951077,dCHoLnEyaz,KItYiJAA,46,73583
250,jJxlyssf,TrJrVdwtfl,FWOSyIQyvzuk,2817353307,88479602,xqTEqQWwhV,fRkapCSy,60,94141
251,lrXfumDz,EjDUKXSgzh,YjMmhhDfYBSj,5030840242,75759805,TnAMRRRhyh,sUDTqTtm,53,81963
252,XqqkohaD,GNvfYyoAtn,UFlpqoQWKpcY,6328139948,37489360,LjoeZulWFE,fcZBoVqz,33,91838
253,QvnpZaDL,WNAsgKuhAI,RhstMrJpXqZs,9844734512,56119174,NwkzDYItTW,djKyWLKm,55,27436
254,vOoOOgxq,NMsWKvMHqI,ryWzqqSWtaJk,7184357200,80126937,FBJHnecLdd,elQYYpyJ,46,57634
255,tvykRVeF,hDGpMUEVAU,feLWffbqgHop,1017561716,22670800,zxJUgeyTLl,ocOyMtME,48,55616
256,MFAMURYV,ZYrOLUCrsj,VEKafZCsylQl,7052547420,31345005,RoaozxBsoK,Opctngqe,42,30181
257,eRhGZQvF,PUGBKfLIrC,KVRNoUGsQoRF,4275131553,27323669,UVfdKRnXvm,IkxUWeTD,52,99786
258,jJtpDwyO,bfOsfyHiVf,fdVWoJQeUAiQ,2693131663,46196567,GUbkXSglGG,cpnClVLi,34,32885
259,uwugSVSn,nBQWooaoBI,USmkjxfXtxnc,7665861687,11941816,mZpffMyuAN,IhrSqcQH,21,95657
260,lmUBXiqU,kyefdaVGne,BKjyDymQZWNn,3515974988,77515076,plNFNgmEGb,VoniKBnB,38,92043
261,GsRYaaRm,MUrBPLBsEZ,xGiWumQelGmM,8808476745,35913616,gFVaVTWqKI,XkNCCTGE,40,68203
262,kFJIywhV,zSYtsUoBoZ,lMXnZlKAgVYt,1772150631,15819146,WpBcSNANEf,SQHnZvME,21,63999
263,QEtmbJeW,OwHzYBZjxL,oxmhBvtfmWTO,8458889570,65863143,JoiyozCqVP,YUhkMrLi,64,27396
264,KpSWARym,GzzCOoHRFv,vjLkHiAjwmvS,2720332021,61900910,NrCJfvDwJi,btXJCriB,53,82140
265,bDpdnmJh,iUYFiqbFVM,ghosGTMQkWrp,8612420122,59336332,tNXjqVjyWc,lsVweNEh,62,99591
266,jUntapES,LCYPyBracR,RYDTLiCdewom,6049056466,36851142,UJcdkUqzrJ,BLqwKeNw,61,49061
267,nLyLHaJC,OkYudMRjkG,sMGVhyvTPkxR,1820588624,99878090,CKWdkuhplt,vZlULoMR,20,87697
268,QctUBuzT,XCSkjuPvxt,mCkThQLFoSmX,2779280465,34966962,WHUgqBakpq,JEedzmCa,50,94779
269,xorreFWj,JxQwdccUZq,bHmoauJvAAaP,3726232684,30218673,amyYcUYnsH,sJJGmCPm,57,52174
270,WTcxAlUV,uGxcjvXFjf,KzGknTxLIvUr,4867683349,42544437,qPFdgjqpOj,vdpyaLYl,46,77415
271,CZxGDkxh,treanqrqCA,zJtxAweAyStY,1035480298,39314893,gtrmPVxqns,LgigoItx,51,75777
272,MINckFPe,VNjuYiUMdx,OlGoLDnOHPQC,4281183309,26592815,ayLPSfEcEL,vnvLnJJI,65,97147
273,KWXYuEtA,yZjfBJwHef,wUobCHLjvMBM,5808170997,15950837,ZffCTupHgB,VZSwdSIF,62,71673
274,MJkHQQdl,KnfmRbBOqi,MhcvhvDwYNxf,4096454100,46149690,rzmkQxthSM,XwLuhvnQ,62,50812
275,MHiTkWjd,qekqsiLpmX,fkjqsOUsmeIz,3352202692,38138718,WQRMkugMDu,DJAOrMgz,61,48959
276,rDKDOgOW,MBVdypuAlU,sSfqtJpiLGCO,9166747264,64894099,TBoPXOOrYb,XMYZbVoL,52,40058
277,BpNLdvrY,iJOhIXvOFz,PeUZAUcxQEFu,6846650231,39324219,XqbqwcIGkN,JdvEhYBc,61,51614
278,AMQzewBR,cNQlcefvkh,lOIMGzNUiVly,1201693944,92789315,dyCBeaylKt,IZxvgMpr,45,58357
279,SobgVqUQ,DtemExCAFv,hHdXZrzKplnJ,8631706547,60457755,FIkWZzeZbc,TnQyeRTQ,57,21720
280,PFnRFTyz,OrzItXWDvL,VInioyyRtWSb,4040206113,44746305,FewQbTbfIz,fDNohHgv,59,86744
281,wKSJnRmV,EntQdVDErD,TEpDjaECfvET,6070366002,78306262,lMmTipGTNm,MLQvUpid,50,94424
282,NxqdrYXf,nBnZGyuqIm,ktVVMxxQXDfw,1962413192,76362160,jbUbGjppMS,JfoPqprN,35,66702
283,gWlbTMPd,KSQCITZnCa,XDWOxzoUtMYS,5074465820,40298003,IiQHruTWrh,IsvJKgAM,61,25376
284,dmxsDkpm,jeZYDfBMGW,lTkFaPnXffzA,7142821835,71107831,SgggOiEMZd,nEiKiXpQ,35,77916
285,lGIZGAmL,rsUckycFPs,rJoBWlphNqiO,9880925822,44946157,NNbQypOXNk,IOdqpryJ,59,75683
286,XnjiRPpt,pWzBmTwGJy,OhtwzsinAwUH,9490783833,38435072,zatHHgbIqm,hcoePdRC,54,39515
287,YKlBDkYC,FjQoeJbYtf,lVHphFRSpwnT,2904431445,48851287,LSRAPthFvF,ODFzeIru,48,33660
288,HjIUdHjD,DSGmnDFWqe,fuHGJRzcRsmw,5271695370,64151486,WwdswLIbcx,qZqMJynC,36,55560
289,WBqhPCJC,bSuUcczvqP,OqvOtLSBHhMs,6682878846,99783698,SXTrauBMSi,RIzqAlQL,25,88936
290,bOiwnHyJ,IypcHqVrEi,VhobezcFupoZ,5256529598,17580613,hUgjBcgclJ,lqoUwLeY,47,85775
291,gVlrSrKT,ovyjUAOUCI,EOaDnIseaywo,4945328504,63442014,wUbfNZQiIs,mUhvipjG,40,36553
292,xaRpRgSJ,eAuZJfGFJU,vFuBIMyHOfUy,7470897875,50915619,VnlSFvaiNl,CxwquBGA,46,95112
293,sQOuffSA,WhDdMVgzkL,NPatcosMmgxN,7154397786,57881193,HyRcPmsZaH,CfsdbnoC,64,87373
294,MbDEkoWk,HXQxMxmmYd,IPDcLWsODRwI,6743042184,18266679,AYotrfFvUZ,IyYMwxAS,65,24783
295,tvbBqzVy,AagnGcEWVA,vTFVXrlWqsdP,7744858644,32174615,RCRkrFExHY,VErssPIZ,38,83375
296,GGFkHqWg,gqbWRuRPQj,EwqFifSjMfXE,1706087459,69748814,nkUbulEgXY,omzkHIzU,28,87676
297,hyUuQlxR,OBmetVvkUS,MAImmhrHgCii,9308946686,28710365,rAfgXXMLqR,ghLuIlzQ,20,43300
298,ESutyHPV,uAbaywGWDA,WTHdHizIcEfE,5003879147,59624827,QlODLwuLRv,NaIttXwE,61,97757
299,UuOCgoAg,fzkRvbMsMt,iXwWEHbyxtZv,1634936924,38788787,bMeAMmRfAX,iQNiHJjV,22,51204
300,xDraiSNm,hUdPOxBNIq,abKlVClecpSx,1560598306,71029976,sdzkAzuKnA,gTRsTKcY,42,63776
301,IYHIqLFb,BzjQGEdyOn,mkWGUsksBUXy,8644907775,47791192,CIQtreHrml,YnpxSRmp,39,28383
302,fXlSQjxo,WKeeEgwqXF,zPxIsTpGCjWf,9973884500,41409752,WXdwiYhXAV,zJDefuxL,18,38943
303,mwllZLrk,sUzbEENpVS,UOlBMlyGECPU,5676894289,74393326,ZsQQAytOVq,yEugIbqh,32,27777
304,QxpgxFHv,oDwmcoZWeT,QjuRphipFpsc,2832688647,54888115,AbASAhyZSR,QhYQUbmB,61,64091
305,JYmtIgBv,aTeJwEzNyF,maXMXlegFbqg,3576494014,60520656,htOVBuzSvA,ENCIQNBI,63,45611
306,ayXdabOA,xyyQSFfxtH,cILnkrovaVlq,8778457066,72442502,lBdyBzMoek,iQdPlyff,46,97391
307,KMNoVFGi,gZFivwXDaZ,KvhNOqtHlXSk,1454435448,64932402,yyZqGPyxgo,XnFjQapg,53,83584
308,ZJwsgChT,izNnboKAIF,bCKWtxqYLLsv,4372429962,66727538,LzNXWqJTkB,ZcncOiiJ,57,57662
309,rNSkGgjL,oXxzQKWwhA,CRqQtDGzQNbX,3957991817,95614921,GMIArsyPup,UaczWyqF,26,31053
310,sVXjYCZH,ggNjkOPotJ,xGlrVhJaSryW,5142134579,73181343,HTqIBaMAiH,MjwtKHlH,22,85220
311,naebGgMs,SSavCccvgz,TeiVAaTYGKtW,2086132590,29166382,KTHWykADHQ,EDMOpVQO,61,25279
312,QcWkBWcb,eZPWUlMcAk,MpufplspoCAo,1114532990,27140246,zAbDvxLLFK,akJCrdcb,60,30542
313,xFIawiQJ,ReKvCncCBn,crtuhOEwvUFs,2524793234,63487595,OFNolNvEeL,kPkoEfFo,29,26722
314,LNrLNQzl,rhbwuRWiOp,QPeXYPcKPKcR,5227086673,27084270,catXaPuXse,WNZnIvBW,62,99488
315,FrNqiHgm,hvvyiUnOIO,ZlRuXFLQNgop,4891645469,78573665,SBLrQSKMEq,AsRFepTU,21,25562
316,raCvtUJj,TyLzLbVFmB,teLLmdghiMdE,2093797471,50552642,QswubddISU,FHUBYsKp,39,90954
317,ZAnimOTz,YLljmZrkNl,DuHQBxvkprWW,7847780767,56815677,LuWSfRuIBS,XpQRTPDu,22,46656
318,oBSgQWHP,YLQgNzmHgX,gMqkYlYIWVeg,2638221471,73722194,dZivjHZRdS,TYdqORLJ,35,22245
319,tCNAFVhF,kZllVSmWEw,VseaOraqWsXX,9329921987,29604007,MpGXqiipGJ,HXPDEbSC,41,74233
320,aovbjMnH,MOscGEisJu,jkwsutaxmUMu,9880538302,80867837,GCmUWhQHHj,kTcyGAYO,30,35823
321,myUIMALj,RLIFEDylij,wUoUxiGmXcZr,7226771518,22747020,cbMcVbJdYV,QCPjEQKH,43,70509
322,PLebYlbt,hUtrMQiUGl,dBjrfSrXNywR,7909519378,35599002,sYLIKYxcdE,EXITxiSp,24,23039
323,kYSPnkhC,VeKIfRuhDw,OhWnuPvUSwja,2756946722,44458210,uWYbhtKnAX,qNQqlqbp,50,73507
324,SZdSRklN,WWdpbaSvWN,yRtHTpIVFJBN,6648406847,53396665,BtoOzmQUqf,FtKrULQn,20,31393
325,AtoqObDy,LgPszNyrlg,yiqScmpGhhmM,6970586372,86316786,zXakdadipQ,zmsfLXXx,44,76675
326,mOsKEogu,HLYUHRzxgn,UIHqCPcDtJXt,8966885417,95954480,bQLsNNWMnt,OCIFfpMe,26,32148
327,Qsjwwtsy,UsZunURice,TbEVNTSiABMs,3630167935,76815671,KQjMHdOWlQ,jZRYIwAS,27,54390
328,TsrSbPjH,IthTPzPBZd,HKmxBkRFeBYh,7468694836,71615501,MmqyrwrkuR,BCXzqZYC,54,81782
329,zoaxEKCD,BVHYjhfRQe,zMrMpkDoWyuU,3740015207,56631268,IajiEQMjqk,xLcgSaar,61,69808
330,uPqkTWGP,qIZGPYMeZu,EOvkFEMrncIU,3657996126,16244294,JZDSiaGdpR,umJbApcE,31,32949
331,bHGVNoZm,OLcWvpcwDn,lEsBpfxyNuhe,3176725697,12319472,CFmBBdgpGR,IItTxCQE,53,35048
332,sGuCQSSp,dVgwiEKVRO,yuvSbjxcNata,4378157855,14673258,IDSuidNdBi,MFgpfVkd,56,23485
333,poBbMLFk,lVHaImqCWT,ZXZhrKQqBIZn,7480780528,46429484,GBqKIvkbWW,MiFMjYwy,44,74712
334,PmdqPjOl,ldJbzIepOx,mLupdxtUByor,3196867644,48757602,NfoeKTEbpz,aqFxYjLL,20,67333
335,qUVOJRnI,esAPnqDfEm,RzLTgrJcQuhM,2350656121,25931460,MHoJYAxIyR,wEVSXKLw,20,56270
336,ODCwmPUt,AMJGbnbesH,QpUXgrRZILFb,2583774878,49057628,IEyiMkPtzm,NMQPwaGk,33,45215
337,WVjYZNNa,XEkLlaityt,cUJFWbcJLqRD,2671186181,64751460,VxoErhIGuz,SSCZwUaE,48,91710
338,HJZakHDr,CsAHjHJjeC,dviMFyAcYgOz,7327157673,84801952,TIbZyABcdD,RMwPfmpS,32,42459
339,zQEyFEFI,WEukmUyaDX,RfWpEaFXJKWg,1967426709,32351177,fsYcqlsdyp,UFqqHYaf,39,36827
340,RgzMtwDv,bNzMGAEcps,GSTOcVPTJqFa,9158187995,16311811,BPGfWpAKFl,FbhBevXI,32,74863
341,eejfQzfb,MkKYVCVoHA,jfcSesVuFbrG,6328872486,37220085,bpjixmGFCb,WdOYDrxc,36,91931
342,hVlhFWjc,PZvunqnOFy,LdWGOXvqPzTk,8278127326,86559903,VkPVJKkRtU,mHVPJNEu,25,89782
343,OpKWqqZQ,EfMxWiLYTf,QtPrVoZbsePx,7855826079,77184726,vXrkxJgIgj,pwGVfmlD,22,77241
344,ZEZSbENy,YkjNEzqaqR,BbbYqXCfrFCl,9852962079,68015804,bNJUzKdhbn,TxlRyuVI,36,41201
345,PPTjDsiP,bsbTHXzWtS,txsGXTisKPyk,5860306161,18615390,JueiRMwaly,xJMzeuuk,44,41219
346,YvfCfZvT,DxkEKQpOhE,amjfNQRlUeHm,2869845679,28716250,PKCpPpsNAT,dGDoKPjg,44,74829
347,EGlsHNbe,ZmDvpuFBuy,JZbsynwzhiTR,3294742208,63130576,SsTZNMeZiv,fuTjZQWJ,25,69483
348,KboJDfyz,GNEWaWnFwE,PeiwhvDDYqGs,8312261315,27691695,PMMGeenjVh,RqLUgYBF,54,42113
349,doEawuWV,IBAAomNxXL,VHYFFNaDwMEQ,7642624081,97597903,CIwufhhJTD,gpOAOkPP,61,41743
350,sCHAwcQS,GLSqkHqBnN,guVswYNacWnO,5324129649,21767373,yPAzCoquEc,TLjbtKDY,62,93413
351,uZDyHoYR,kfnGXCHcZD,bptQMhRFPlTH,7817818912,65933411,zhgeNmFMCs,BxtKxpME,34,73312
352,PbmWFcJV,OuQazQqjPT,OykvlHCbxNSP,7767964097,57527793,dbhPrfjWRx,aQYxpUyv,62,63739
353,WkfupclS,qOtkSDPPoE,hWWDWezSFkLO,3055960510,85683627,IvcTXPMala,DXSijwUf,44,65651
354,RQhAVLVt,VFRYXUwJAq,WEwfEaXmkWHs,9131405126,26526873,DtAejpytXa,HJSmUxyT,38,58789
355,hArkIucz,ZvSqheBDpg,AERycielVtvt,3190167166,64722084,QghBkXDrBB,btQRebom,59,36491
356,dENQwbwh,MhPchsZKrT,SMHrVPSaiMTD,4606255956,89836952,vjwBXhQOyC,NxIqGZDi,48,97084
357,qGBUJrMi,InoFgCSRLs,ZRqnxIhsPBAT,4652951754,42353271,mHkZELwZhC,gMZsxrMx,52,20898
358,nVjFXzDA,LeyDnRWbvx,PxagXEyPpGJz,3796927008,61915089,kosqcERJMY,BEoQNolc,53,57380
359,CuoxXoCW,loRtajVxjh,KdHqiHqfNNCN,6200049754,18302792,wDTcidxSTx,ncrenTtI,59,91099
360,kuEikndA,iUqqdINpcB,NptUrwtoZzGG,4051971496,49175129,BwAgloQeuZ,nsmomBJg,34,31880
361,JhASmPoK,bUxhPLMlOE,wjxRznOLvhzK,5492755366,15396184,PJImGZSUqP,DdLAsGTP,48,60187
362,DvXhQFKT,lLbcGHgqIV,TRcAFIPJsTDm,2462105974,86331477,ebBpaSbCQc,ZCXoYeoy,30,60368
363,HWohAUwS,xoaeBvjWsd,wNwzZFgWFFXa,6218468691,73108812,YKpYJpWing,kfIbQhMF,32,69519
364,GSeJjbIe,yfokwyBYhu,KbftjYJoihrw,5267750950,16863349,GTYiSBhyfb,pCvCewZB,44,66017
365,SxUKexJS,JRfDtIiUIZ,fAMMLcZzzmiW,5053503762,64364162,lZMuBHUOqC,yEOxsTFx,41,82955
366,efcchozj,SaksMAYEFv,BqttPufrvuPq,3474300438,49445926,vOoFlbLubp,vjAqTCsR,55,53305
367,GKNQJuuC,jwEqdcxHMt,LltUSKqoBafb,2484846984,74500771,kDjmjtXJTe,sOkJbHNs,32,87875
368,SoibCrhB,OHMKgjKPaN,iSrpEqlQckqe,7569087358,72277205,etwIHwXhgI,SXAHumtW,36,31328
369,fZKZvCPy,IhGItWosJk,rghCaAgYPnLP,5010222699,39066987,kcsUqousBp,ExyCOlqs,20,30670
370,MYqksqOl,yUEZkFnErA,bFmCJUDUEMav,2261936767,94709680,uvZXaUfSje,EnPPiBDT,21,54175
371,xIquqfDT,fQkqypmrbl,gGSjnmkmzJOi,9874408522,75796794,iEPjZhPSrg,jleeLdtl,56,76012
372,glSpGKtT,XEkoWlEOII,dWHsxSHALCBA,9580217159,72858550,yiJKcbmtTL,gCTihWfX,51,75005
373,fOZKMqXY,nEvgSQbiMr,ezVyTfARyBCK,1310857129,61751249,CgdxgPOAKo,jzzsreYN,21,97835
374,meHeBwzS,KApRLDCviV,kURpkyhimuWU,1776479921,81591253,LYgaHcFhnJ,DSyAXNan,62,98809
375,NeDGBuur,VKcXggHeVK,cYbBsOHlIMMl,3859327586,14230584,xnefBBjiqC,ibsiFzca,24,40997
376,hfSLAzWp,SCAwePCMfg,obkFnoZQYFuB,3534468136,51574342,vazPBezKkr,ONvwdHAA,35,36893
377,wXnbWxCi,DSLuQuMWaJ,ceSJApgNJaJK,8755786350,40438465,FHNFHSVkUD,yLCUJPah,65,63603
378,HGkYAytV,rzoteyxArc,mzEZVcfPbsbB,1231189073,21935758,OjgkFOTBgb,vqggPLoU,55,29023
379,gKbntySA,kOYRTTHDAD,KTfZbXYrNOSl,1261414561,20007635,FVzQHpvuqr,AhrqmWpo,45,35496
380,mJPdOEhP,vOZuElkpVf,WijLCcYaDyvX,7009168486,51229187,VeIJtgoYjC,LzTJzqLw,38,62614
381,ayszPCSD,amrjNfLfYn,nInzGmdWykHJ,2134249087,79750019,DngNMcgZrY,UQHEKuHh,38,91261
382,FBqGVOFL,vPaWjIqTJb,WYcilkMjeQLt,8474237421,78181817,YUtQUdzVHf,DtdQUvhR,49,50918
383,quFVjlMX,etMqYNjLAQ,YmGFVmtKRWWI,2657956882,44943074,uFdcEJHvhl,kVHKKfjq,44,39484
384,ioRkeyNr,OCGVPCXyoR,mYxLZnrTzrkH,8728050995,33718167,SkvukWCCLC,ZDBvhzfg,61,60051
385,AuHzHlDE,PjhnskKNrw,BpyVWUJntqAo,2249430956,57689543,wBuZAZdELz,wbNmINll,25,33126
386,qSSdNDhc,wTwWlUlCWK,WQPQkShPlwtw,2155018989,51310066,BwMUtZLRAo,ezgMYgKc,31,40310
387,LqTMMOnz,cvQsWUkkby,yrTnJQbzXGHi,6008735075,67822546,OndOVnmqQB,UChMNiPU,42,76119
388,OBcVafnh,HNoJxpBJdj,JdATjdMfVJxM,3940652413,96223758,SFkyMxbYHn,YizqoBZV,65,49423
389,RhyMIajR,oFuXCltjON,gAJqeicnIsht,3363147637,47707545,HiVOGAnGuS,MdqeyRFh,24,24754
390,XzlcMMYu,fguGUUJGlu,ciwiBOYNNhXM,1859639446,71647454,eYZTSdmdIZ,AHKdPGtU,58,51291
391,tFLZihSc,lgdYUYHPHs,GeNOKdCubeyH,6325543455,65325187,ZaZJxohZsd,VCLwSEne,33,97157
392,xaayUidE,DIIufcMeQU,mdNymGVFcjph,7087934395,77230761,vohoNiRFhd,iWNnHJMP,23,38570
393,yEqJdTDL,rknwzGhYDj,SXCkLPgfLcRk,7846884317,95900309,uZYNLFmUnx,jPCDoora,55,25257
394,ZiXaflPF,uWmpHKGiob,UzUQmeyhUwcI,9160481843,50637848,YZySxwxLKf,EdxkVoyf,65,26698
395,CTstboCZ,SiZjRfyXFM,kwVdgsvmpYXU,6969614370,16170751,cakyeEDjdA,Qjplawsy,26,70569
396,IIfNMrqy,ouVCvmxYLa,VQTsxiYghvcY,3877434591,17016811,RnjkPfUCrH,fpPyCkFO,43,72759
397,DbuREjTh,MYyBLnUdJw,RvCNbkGdsmIw,6866382758,17850040,oQhfIzVCQe,xscUOWcc,53,55483
398,xRDcZDVn,lzTrjcFFvk,NJwjQLwGbwMb,4946501856,33807817,iMQItXAnBS,bRwebkxN,52,76479
399,AZALnJHO,qWQTdxBvAQ,hwIkeaSbxiCu,6816174068,47891801,jSlZoIxknO,UxQDVrZz,58,73856
400,piotHWhI,JZKMVgGpij,nBVFSSYzFDHM,7608741719,49456126,MDlJPaifIw,VQNiYMjc,23,83348
401,GQRAsJWx,mvpItMkQAm,jtAEjJWilmgB,8613304528,68959329,OPTWbSOHJb,UBIYmdgB,18,43844
402,NQhMBjfR,ibTBTnaUnE,rTCUIjMhrOip,3882492031,30856317,MTokyTYrJh,ywDTRbRL,56,38425
403,XdwHFPTE,ZhRkpftlRQ,wfPUiPWgAOhe,3188847303,54216394,BNeWhznMll,lKuVdNry,41,37067
404,VXmNXIEA,lmEPBXvVLk,OIcynFsJFxPZ,4846099618,21935774,SZnLXCcihh,eZGqFxHy,28,85349
405,iEGaXGeJ,yUpjTxXVaT,EnGzqfwoqoiS,2090419761,51948287,aXaDUlzPwn,zHyzJrlI,64,61022
406,DylsUpwC,EfVFpiRGJF,FyHDfOdYVeCc,5398708076,90719213,biEXLZovGT,qrmvKmae,60,21021
407,BPwksIre,GZeCdRafIO,ViVJwgWRBLrF,3684493810,46539056,dprosLxWzz,LnSdjdBD,37,38353
408,WjubWPSo,EMuFuZHGnc,soddNbBkWjau,4658643727,58759919,ZzsFyAqosM,wUUkrXZI,46,88636
409,sdbfxfno,RkdlLjnBGn,wXHGqwVAAxFq,7721076953,85426857,gslZIbvKJU,UbIBTzig,41,28113
410,enivaTzo,MnutqSHUGB,kpYwAZHUbCNG,6453101292,50683978,aONejGPmAv,TVrhhpRq,23,54263
411,jWQyqasB,nxOSFPkrJU,JvmwfxaTHEWz,5647102158,52000163,ojSocrQOIL,kBwzRQQu,30,28818
412,qeilkeQN,mJzvxzCGWd,cpBuHGvkmKZk,5900454859,62411938,erXFVMsRRc,NzdZjBwP,64,25628
413,nQblzdob,uqKZearSTW,HxFxQBxfNVjD,7098607774,49239508,qGmaBVfWWj,gCVexoCi,35,98267
414,xUGbGMjQ,UbjFWSDhtz,IOWlNWnkoUHE,7247663638,54171420,taiCDqIHGP,CadyeMve,44,70108
415,UtOPIgKr,HuGqWfNTxd,RXWnHkUgmJJK,6415450402,25708675,riWRkDUGrR,xMDulSFX,22,64751
416,xBuTnFHQ,rZoVFJCBrP,xaBnpRWVpgky,3607945786,23788368,PnzNKETvaQ,leFWNtyO,31,42218
417,GUIKWfCe,aSzikCMQva,ONiwXhWarPno,7233420383,35927382,pQBuKXWmgg,gyVoLiQq,19,48439
418,BOTEEqKE,rnsjyOWNfV,GEwxQscIjcwi,6438855645,33048889,ugrtoUeGyw,zSrXYoIU,21,91661
419,Jnbmbrjj,vvBZpRRTJj,pqoSSGZeKggF,7318482297,60604106,cbxLNhyvBU,dzTdlhHJ,38,41434
420,fJxrAXkb,IwDRHlCcbE,bOwyQWEDgDct,7573705958,42874561,riJdIQLdrq,vqRDphee,27,58003
421,bjulfSiw,uDtbgJdaGq,qsdrjupBpkQL,3918430546,86731309,rWHKFiWQTW,KtnQrqsL,33,46827
422,kuzRYRZh,XtPFnhATca,TSpwdILSjDaY,9415032607,36356679,ugrLEJgbgr,wXaQMsoc,38,46795
423,RyOOfzhB,LKJRzusyZL,mJxqhHLOXNBd,7569089277,38410128,vUDQOcKuBc,eBWBuxSW,57,38805
424,vnnjejBH,rxrAbnWgHY,gSlszdUpjMIB,8402037153,76568014,ttjLVxyhmP,vxfZumZl,27,32127
425,POhJwqsw,gJCYAxDubb,QisatahTIeqC,5933215332,85909987,KMRZIWssVO,kIdoeWgl,33,28599
426,afECHmvQ,ApMxtndJme,PLSEpQSDHGES,1324814930,22189264,jJZtYwJMjJ,wcAuuCkL,52,57200
427,jcikSYLk,PtfugsqtdD,lCJiwiXDSooW,3245258759,85723221,CrhfSDdREq,NQfsBzqV,33,57808
428,QzJtMEZY,WnmLajJmQM,tlqsPqQhrULL,7407958387,99201065,xxBKUdnfrL,BxGHnJAh,55,76146
429,WKTabhei,bwnPOsjgjo,kfGswzAUIEnq,9854298617,21879652,UrOrKXJcFS,eOFyqsfW,31,70839
430,anxiafJC,IwJMcgAsxo,MsCrsbnHTWeQ,6817034577,64774445,IWKnMYVXdZ,KurpMoRP,49,22809
431,ENloPPap,dXHrcPBJnt,BRtSMJIUPDOw,2496266791,46741270,bBytnaLhIf,pqSSmFxJ,50,49179
432,lokrGrCT,SAHZrRyzWk,RamYAEQhuYdS,6884640479,63144386,wvZtdXYsOE,HUqyDfto,41,49871
433,FAjcgGDz,fdpuDKFvQX,ufyZLKbfbjlq,1529650564,51763484,bCsElrozky,PERSWUNz,45,86573
434,BoNMiMPH,qxMRzMRrvB,UWvNmBbZEJbG,1883468649,65489853,CPZmtFKleb,sCiKYHaq,56,94211
435,YVxrqtlH,KZaXmueHiK,EiKhavfsJjIC,3374260415,86440813,ISBuxgxcKD,KHxuobxO,58,98850
436,sCNpqwvV,JYzEkEPWan,cVnTIyTCMdrG,8261073539,97941275,yRgpVfYUZN,avQlKcIT,23,32472
437,DUvCNtBG,WblqWsNfPm,SbXvxJrMsnSe,4568970812,10324692,cuyANudrFh,MmPeEhfN,20,82799
438,jYyMGOoK,OFfSCYcqVe,sTlExTIZoyiA,7053958510,76059279,EPAExKCHhd,myoXVcDj,64,31951
439,CRzmnlyk,vFqmkHbQDZ,VwdDWLKMSNPv,5835770548,94455421,DecSJUjtzS,oLNgHhQb,53,53441
440,TeBKAehe,MPRKQfuRKF,XlRJkrinfxhU,8225540313,90250525,zECwVeWTLv,xqvSQOWQ,65,62806
441,VUDizOwU,sAxLZmUtTh,DHxZnDnbOVzc,2383976175,64806834,PUPPqFBnqo,DGudGmxr,27,20936
442,qPwLowAV,jIIehmVpam,FtOIxljIvHog,4781291185,58244492,AiJUBfYPAH,iOPvrROf,19,37440
443,zERFsLNH,NpqSWItWOl,yibFYWpSuZUc,8525255193,64145567,lQxBjAdJpR,vETDxXUf,56,97563
444,QrIyYHOJ,vUjnPSAYQL,LAFEWHGoyiOY,4462484790,16214644,aEVnjxTpWR,YSZEDwOv,18,79389
445,lzTefIXw,TCCurbEreN,NdktwDrXoRGb,1426686071,15087388,aiMrdIAAFP,XJZJtWiT,24,69761
446,SOxcaeUI,XyjZZvELjS,BareqSHnLHbx,5234059862,87844218,IYAjlIvXDV,TzIgXuJB,25,64962
447,kLJUndDt,cakTyxIFzX,fkomaAPphxXY,2352306836,10200147,CxVpLXJvyu,XkiUbVWe,51,76893
448,WXWLTZzz,qHiKBtOEQp,BBNkHwlEmsBt,9561713070,84924786,zrOFDkjmAk,lknhwlcB,44,48919
449,TAKbUkCE,jkvFCwjMQs,brfoPhsPOxmH,7222480574,87609087,KMyXgGJfxc,RNJhpOrP,20,74184
450,sdmBwAar,gZolNyqPly,WnMmMTbeVeQz,2429071636,14419473,kZJbdDopUj,zlnxNsaL,64,50839
451,YAWDFyZf,ZnfkrdDDBI,zwdoUALvtaDc,2099848210,29605983,sDPITeXbNU,kkKKQEDJ,64,98468
452,EDLeqBEL,odCtIvWytY,JxJtFuQwDryq,9721597365,43263404,tYlXiSSFnf,gXwEnsVn,29,31944
453,obvjPpLY,xYvHACrDKZ,SEqxTerDwsDU,9026039859,68705302,UyVuzktnyI,zyYkFsRF,47,62226
454,RWLMWxoI,QPmKAqgKBy,ELfjZEvhCSkm,2122779864,35905208,oUtdqhIVkx,uTrZrrgC,24,78815
455,gLWfedAC,RBHsWsYTLI,ELxrRoxiwzDN,9204404977,77250681,DQixHgAbfr,XhFyILds,20,53246
456,PlhVkBqf,JPyZxuZwEH,ZakeALgJKhJL,6791207849,96292839,CiXNkCeupH,jdNlBewS,30,22638
457,STmlwOtz,WKicWdJzID,DmeSrmBehfgt,6556363185,18147516,bkelJpqxgT,aXNijKuC,24,23056
458,gxJiJCdZ,AfjUDYCOyq,mgTvUbCxpvyz,8491535894,21447458,lCcRARzLyZ,FUcgJgkg,41,84588
459,alBStRlk,LOjjwlGmNc,iSEArgBCQyzQ,7898910243,16495322,SFEdLOeLrR,LqkDFpbF,33,90472
460,drHaeTqS,jFNYCCUBmg,VoAXZzORuTRN,2268451328,97555137,waSFQDeUWX,pohaVdrC,47,82066
461,JVWneyGp,VvtucceVoe,ySrOSBDrSyJu,1014123447,14586264,ltYbyJKtnS,EVGclCYu,50,91656
462,YSUpssCx,xeBdGHhcZn,UbtaLrqYJAxm,1786580646,34621354,zYVrksbvrA,PbSbTsRW,24,79352
463,rtImhzGk,IhjHcoETya,puSahoGQTnbg,6156002460,56235532,ThEekOiucc,UCFjoHlD,42,95626
464,XrUxtjfa,iCqChTRUlF,yheKeZUAKSms,9147527204,35265925,wyXFEPbJVU,sYAMQrVi,20,83033
465,FRdrahSb,HyGywUoavL,uuOYdhmzleYd,4932901224,25871446,DSZWqffbFJ,BfRVdlrM,26,93587
466,DKqhkBuF,NySuJvhgbO,egFBSbIlcXjY,5267020519,88210560,QNadTkLotk,gcyAKkbT,38,54909
467,dgIPTlrw,FaLdczTRZv,qPAWLFGnzuEv,8631647389,24025998,kNmVlEDwHq,ZUsDlhMW,51,33716
468,CkZEuJWB,zRfeytsNSu,GEjrJWyXVdfZ,6605281857,75668014,rjgyfejHZV,NwRTVlIo,38,26841
469,aBnjqZwZ,uznnWFlxIz,blklpQFbXMnE,1719808836,56186291,VCiaWVFNVy,YqFyVAUP,46,30032
470,ZTElDNth,PcvJOlUDVJ,Subdkapypkuv,7262429790,21967780,WAtfLhoBDY,wBtYGlvZ,63,96680
471,YgFZBjUl,QuqjKsLvQO,uzMTpIrrIvpg,5461416813,35269892,bmWUdPRgtS,uuNiRNed,33,62820
472,vqNdQvyf,zMmQdToOfv,VVmKXlTTtJHa,6615312529,28173820,lIaFLmmLaF,cOFnHBiR,57,74618
473,kYwvszLp,PivlaoGYic,AstWmgvmZsjY,4654513979,96592447,ojXsJIJdDi,eWRoEYNC,46,98173
474,qXhlYilw,smrKGgYGCO,XbUdseAmPkWj,6825989318,26381395,HvLQFDEGKa,dEDeAwcy,25,23526
475,cvRmVJoF,vgoevaHGqy,CgPBthfztVMH,5799659141,58891503,KJQZgsquHm,XBrXgDga,58,93319
476,TAuAwlPB,jniOMhezsr,gklNcCjnBNOM,7039095854,28031553,EzGVxGUckP,SMBuajUY,39,21852
477,MoUXqCZi,HfugwAiuUk,VSDERmixkuTc,7834906530,33210562,ZdOibnKrzj,IjJZaFPD,65,37076
478,CqOwAdSe,JJeqkRSLBA,oAlczDklyFCg,4074208997,51465346,SPEACaxLNZ,ONPTxBvI,27,60990
479,KMXxdwSJ,bdIuKIHguW,CkrQVBUDAvXc,4955200024,92341869,uYTZmiSOTl,ahraYWwL,51,54785
480,FoFRfnBl,nfurZoAVWG,tNwUEIcAkGFY,2923393013,31452760,VqvnlwNvhD,dBndEjdn,34,33492
481,VNWCuNTb,DVxOiYgsYu,XacKGrnfApkj,5975612374,59946994,HaVnbWZech,cjjrgkSX,64,53359
482,HwwpcAdf,NpMFwckxUQ,rDoQHfHfErvC,5057959777,81306073,bBlagGKwNf,eSIMIZtX,62,87146
483,QFOSelaO,blBhfmzFMO,StjvKTJPZPzd,5547035796,15395154,zKwTSyFide,HUOolITq,22,85367
484,oqyXvnME,ApcXcVGFDN,zxYmHNAmzOKe,8167797270,75263004,pKZTRsKGxf,IPmpfRjG,49,60741
485,SaAepUcK,tilgJjuNFo,vjQzcheDTJdB,3519219365,34844278,FeiqaqnFQB,zWRMNsdp,35,26067
486,NDyjSEDO,olWEGqESrR,ymhUHzJIharS,6699557937,40361693,QwvRKQKWpi,ozGokdRU,31,32114
487,tmSotLAJ,lvhAiKIwcn,SuqJUZczSWru,5772757084,48774662,KNBJUltMfL,tKYparKF,23,34368
488,TiUlJkhq,DvgNxRQwPh,ZKskVhmfgDDw,7568265798,16850871,JKFjjZwSTp,nSTSYmXn,55,71622
489,tVxgRTSv,SBuxtuwPpW,NWaLvIMnhhJV,9252388795,99755765,vpMomqPsuw,ytfKdnjS,62,35715
490,dLMhGREO,BDqVaWgdoB,zUVhYlpXgTvp,5755040712,93945765,wdMOWKmRpS,drqjbaSm,23,76717
491,tuUJEJdu,trLiabRCAX,BRwujxFAhivZ,9448168143,93379657,UstaLGzrOb,RntTiPVn,40,67108
492,VPVVfRtE,giXZZCzihe,reiWnZutXoYQ,9419311831,51685504,qugKEckBDz,RcZPvnDS,31,44475
493,PWLxpNwX,TvpSzSTpny,sAldVjUsJSLv,4911291172,19008091,XBvEpByhbk,PzJoOqXC,48,50912
494,TqnFsPwt,SfpJNAGcVZ,XaMBSdhqaXqt,9645718228,56181377,HCgDYOAeQt,noBQFuUD,28,26112
495,etVoJeyd,DaDJlSqglR,nJjwqbpPrIUQ,4773100541,54618382,wHWaKCQsrg,VtHubqmf,55,73893
496,DzodkHQG,vfxypGTQME,vMYodtThoYBf,8462137243,65714216,kdYEkPvhld,twKmgBIv,56,64158
497,HnMqsdov,lShUZZKpHr,WAvQuvfUeCQg,1278862456,20122991,jEawpuThZF,LtBLcZzd,58,53332
498,qtNBZsnz,RzIyddVgIB,YHjZXEdeRLOn,3729871163,41891675,ztJZTqEfzH,eivIiYbz,43,51878
499,wTSNQgGk,PafyvXiclj,hcZdoYdojTWV,9695357913,71928427,RbrEqNqnGj,tjsjiKUW,46,22888
500,jFflQgCO,zuwjgtwhQU,HNWJSNGZeEgg,9485463340,59670899,mpbfKsBEeW,sgrGioFs,25,95997
501,iNdrHMNA,qwGUBSfcQY,iVraVHKKhZJS,5753091500,53072151,RAzbWbzxns,IgMKXWOo,40,23372
502,LbEZVGPW,IkRjhKpFYg,siTUCTfBrOoT,4730108807,11088534,QNvUhskJId,SnlInfQh,41,31398
503,xLZaPBPV,jwJoUCwAGB,wAYeMobmeMZU,3955733997,69337679,HgjDabeNDz,OMgMIflY,48,62034
504,ujajnFZZ,UPkjeobbeo,hfOMdRtDeAgI,4373934285,30087853,gxVRcUSFJC,WjNtjEFm,53,20518
505,qzXQGXby,pKcIALMJXR,yepvuiAdivMK,8939145286,29177548,kKdpYuLwgk,yDGPHTaK,60,64771
506,OlmRFYSo,UHSoPyMrpp,MoHTcCFqmZvw,9110642395,56600812,ScvRmNzIoP,DBvSbkwv,48,38086
507,NICmsnQL,vOQmiAJLpj,cxZbjbfdkrRh,2958994982,79339313,ciEHFXWveG,BgxzXMxm,36,65960
508,WWklZZkb,OEEKaiwfBR,OjtKhxQNmKBn,6554993598,18188242,fouIMBVPaT,aqRWXRFQ,41,62629
509,yiGUyzPv,wZnQqPrBYK,UtHBQTOGEWea,8153795303,30051116,fKgCzhyZKK,HfhkdIoc,62,73158
510,tbVMALWO,iJgFvyPUKW,xLtGFrFgDFAZ,2476402761,69263781,QblpMrUMQE,PpJTkwrF,54,85702
511,tkOiRcCY,LrZCtCuOho,iNDKsSMqNVEz,1344929875,51379225,bHqYHYwnRL,babfZveC,33,54022
512,Suhnmnig,JBUjTckTqm,bwfIUcuutQGq,5726799873,86361446,WSewiKEWPf,sTLGhLvd,26,43580
513,DujWNtOu,hfBHfbhmde,NhhzqlzLayXF,5411620670,91292854,OQsDkhSIZp,SiIDWOaz,38,27909
514,yyaRHJRD,aLYXbTMEHU,oEVKGgadmjah,3018688785,99462159,SsZZMglVSY,xbQUlnwT,61,80807
515,cYUikGLi,ZmOWRdBjdR,glQccSWQWXcp,9614463992,71411875,IfQxMNbVbQ,dlduUZmo,51,20762
516,LwHrUQGU,OZrboZIlJc,cAQgUbKjawpM,4116772594,12569915,krjIhDUGOt,UWexaaLn,61,42282
517,AWsxtrbT,SVknHuuMrW,mWwxTbcTQZDb,2496418388,74061811,QKWmLONhsP,HBJefvlx,62,42201
518,QypaRdYO,EoyJePCfmS,RKLydhmvkegU,7943230400,96734538,nDgdLvJtYb,EMYaItJB,30,97356
519,jQsKPqUy,ugkqUBmszL,uhxhdvWWephP,7009990813,69582922,DVKcNJbHAs,eTJUnJqe,22,71770
520,kiTApOnO,LUNiiQGbWP,nPDOeqUxkdYw,4057258523,78252162,WIUDNxTMOJ,NwbhLwJa,55,50024
521,AUKxKRBW,jsiGQUgPcw,UZbMgHsDaUsL,1816058269,76607842,HrgVeTRPuU,Elsdtbst,55,89127
522,ryAzHPgz,AELhfmtHou,EjYlCIKxnTpP,7353843559,45643219,frOzokpQGw,MvDpbuKA,63,39139
523,VFdXAokB,euKBDVqVFw,fUgAaHDXbjmm,4185678320,38457275,AsQkUEqGtx,tizwLxKf,63,38930
524,kWVrhfkV,DRaYiQQPJm,VrKBoPYujNop,5209590355,23644348,lBILxweCtz,YVMxczic,60,78677
525,XWdhdhxK,RLwjcBBmRk,kdLBpMjflIvl,8893375649,95835217,rRdvzJpWJv,FxGOkMvA,26,59449
526,GeegvOCy,kwiktpHyUC,kcxqLthNREYL,9384332912,36302086,xVtJyHKnWD,UIGZNSeN,54,79513
527,jBTdljVQ,SxzZpWCXQx,FiEvJQczXktQ,5479044483,76493405,tGrjRkvwsc,LZKQpGEl,43,60989
528,vWdRsTYU,bEjRpqNzcK,owuIDURaYALZ,3070744178,65391586,PTwwjxhvIr,ZJdKFxkp,53,69682
529,vjMPFusg,dQHyZrXSMJ,gLdlKKaTgMhZ,3687220954,58864947,mzktrchGJF,JumnWGdX,18,61238
530,PDoFkfsM,RIFvHvPUdY,lnTRxurPGZGJ,1509218867,44747958,NnrWosxRsy,WSMgEPae,57,82385
531,geKVjbBp,njolaEkMyK,lDKGcGKUFgXI,4935479086,60661520,JcKHpXydBu,kflUMIRm,38,25025
532,SoRaUYTp,ePkyFdzfCx,NdxDRuxODdGS,6907144614,88552110,qyzTmQuzFP,OkDRcnFY,18,21421
533,NzeRFpSo,dcCNTsLpDd,KphBpTVnCWcd,7227731723,11524604,eVtIDJRiIl,xgIwLiXr,58,52727
534,alVwdamo,qNhyIJwHWl,KOQgQgMwiphw,4005371359,55912217,vCUaLqeiYY,MpIhgrBc,35,37825
535,WVuKPAIH,VKnhBGeESO,HPSiDghyQrnM,3959968665,92522994,WVAKyVQkPj,ECWPFkVS,46,78592
536,iyDUqtoU,HvIWBMwsmE,ydtJpJUQFXEX,8738139287,60873483,zRVKxlsusj,YkdbUJVF,36,30157
537,tvKISYAn,hBYDlnHNrF,NExGdrWdARmn,6224719154,34315969,koUeWEtbTF,GDJORPXB,58,87919
538,pafPNakk,GnyFVXodcU,pMIoZOsoFWcX,5936299213,80488891,XoGHCyaZkD,FABMiZCB,47,64918
539,iOVaPczO,cWpheXKkWE,emQXfYBeqtvt,1641572916,75883776,hfJvyaiipu,RsHzRqZf,46,97292
540,SbQtzFxC,bVdAjagbeW,JpMrqQAtVWam,7867481689,71378669,KZufiAgAHe,gwahxcpB,35,49373
541,FZDKDjXl,JtrtKQOrAi,nJcQWyAMcmvA,7658292507,26859303,gRjaVLKuhp,eyYRoUOf,34,88022
542,ICrkPXaa,NTqiKpSKdG,wwzmqFdwawTl,4474384163,22006169,yBZnhagLmF,NfEceNcS,45,63259
543,sqLlSYkT,tJwyJBrPpH,susgpBDRkFFc,6683017322,10163721,lBdGfJhHFC,gnApGLVP,47,20955
544,HTGPYLlF,fYkpRNhWCe,dHySluOqqlZI,6636296088,19909357,TezUXAmOgK,PLDzWzWU,48,28362
545,YmuyJrsu,QufCjlwuUT,lZNGyMVwkBHg,4378197835,76472981,SzNWxKSQDo,uhuhaUQE,21,58775
546,MbzUkcdU,KyzhrYnwUU,TgYgaaePEDzy,4747804631,22296273,iFlmeMJhDY,eHMOHNBY,39,74553
547,sHqIPwCA,IpgTSzuZkU,qBjawwIbiayb,6827448724,14851237,LqhxgmXbHu,aBBUEeuS,48,49385
548,FwUzBOyk,dYsNUfZtLj,NnLDhCKuPFSB,3227282244,99938107,jYHopMXNJM,QzwHyPOB,59,92284
549,AHfgVguG,JTTmkpoCta,XteWWWLocYdR,4393801650,43642306,sLyKnxkBHC,hdWoKKcM,58,25537
550,LJtLHyfI,zikeWqIkvG,AsfwaNQMqGxG,1446598398,38335889,ZNkNAseHlz,aRZrXcJe,62,68603
551,pYVWctJt,ibMXTeEtrI,NkulXtqSswRT,9392112491,70737509,PckQfXZGPB,ydJHFaoi,47,89238
552,RTloYxox,gzVRSADNKU,LKLkJFjreTgb,6347195939,46925746,nmOAfcArut,xvkgngIN,61,36057
553,gtdFvFkH,gusJkKdaMn,SMvnWhsUYWQL,4855750183,90976617,qjrCkkeaxh,rjlqSIjz,55,26929
554,hXHYvxXG,YRgdUVrvbR,oyIvnaumAnGL,6345214634,52554951,zccishFKnv,giixdiIP,65,39228
555,ZYGXPVxF,hKFChtpgAg,GTfMaUVYlsLp,3706100208,84743680,JycwYKAPJR,PJSTAWkk,23,66473
556,ZMJOXKAN,JyVqCEGgKn,vYofuqjybkUm,7248668747,17638507,EMnDpFPYwu,iqkSFrdQ,65,78757
557,cxlVyPpX,qoOBFSlwbM,uYNHwcOABLEw,4634098567,23529189,GMgyMetDZM,pDFnFVsC,56,38317
558,ZIaBQIVU,aqOnshrewj,kXUeaVaEWXSl,2022601344,65920450,CvnQKivOgR,yBqjNcmZ,22,72409
559,EptNAipP,RKLpJIVMTL,tMEOGqDnZzjo,5120638524,22488318,tfIfGuLdJC,uXUQdqkX,36,93352
560,usCYyIJx,XHSJGWPiWQ,SkJRwGwrgkeU,4229635890,46398904,TImPvmrufV,igDYuAKY,20,47875
561,ftHHgMCT,XvWIzMSjWF,TqFoCjBRrXyC,8432979070,79336159,lcYqTIUpqD,gkalmWIg,26,48932
562,KObhbQeA,DXOCViiqIp,iBxOCNWjcTFw,3479760471,77886820,SlYLYLzXYq,PwfEVNUq,41,59223
563,ZAWMMvLJ,pCbLMwombb,IPdYNwmEcOGI,6885160475,71222560,qtRlergqPg,zkxaumLB,58,37888
564,POLZfBAk,NEUBNjxIoR,YpEytqMmqSDU,2239275926,11431341,KhdSKcRXdE,odJsRLVZ,27,63019
565,SsgmuTYg,GxHAjTwXqq,SQPxDFVBIWAe,8943567052,72980431,MzpwtBROks,NACpwshs,63,24713
566,afATcJKI,XcqbARSsGb,zjkYJeUjLiPC,2670194731,92352058,flxUAUEDdh,hMiZsbQA,36,68822
567,IEwCROeG,cjhMnypnTC,quVJLCwqYCWG,5110565880,66046849,PADOkIeNPm,xcUpFBQB,55,37471
568,UYOhZhFo,LJBrwstIsg,PyTdtHwmoMSs,9409134039,14145037,xJtGUFPoym,PIyBEHLU,51,85712
569,cDylUEsD,iSwdroKrDq,BQuVZxHjjeVa,2007193555,26772473,xnGKubDkLr,IsaNNJZY,33,33058
570,pYWqmzbr,ecrMUpTSfg,jXvAPAdAUbaZ,2848942515,95922024,qgQfsaeOJX,xwcWAVCB,38,64284
571,EwaXKFmi,nhOHkklBhT,xxkbdKJzAGbS,9859120944,35231724,lsShjqTZKZ,DFeiKsbu,54,77148
572,amChAKJF,JZnxEVQqah,ONErxUDvJiDG,6356041763,89170749,rOnCHirJmV,TyZTLEdl,24,46782
573,UlRvQhPK,ndtFtjtlkl,QzacGVCRnRrz,2573819610,20782354,BipXbjxMFu,zAHgbPxP,25,54745
574,BcCsWPVY,VypnOjtAvt,pgiTnLbHNRnn,4103239172,92532819,gnXdlaHLfx,MYUQeIuV,24,87213
575,aCmCIDlP,UPabpFIoWe,hLyUStzwxlLf,1366519571,35899237,xsypAkUoUQ,ldDoiPjC,26,60696
576,zXtEOdIP,bJItnfPqem,sSjUWuRjPsKl,3059188764,23171296,ovMlBMJYMd,aijlIzdg,36,73611
577,WyNHKual,kWDsNIsyEV,UdipKcKlrHqs,3569699811,23968495,PESdyQZdgT,mwWdpymg,29,55599
578,zVWJOItK,jmOtTczOBO,sxBWhUcBKKkN,7899024641,52220024,MXTwMHpvDT,pEFWxEZe,57,32493
579,UmGmmhEg,XPKzlUOhyq,HDqOyKKnHPnF,7778577484,87077687,WgHVZHGSVH,aRnNldgR,25,39492
580,FBQSkrNy,gWVCRPuuIl,GRQqbqnItMmO,1625837167,89072349,pcliawoPmh,oDxduWIb,36,62845
581,QOInLhKH,BbmdFqHIHW,ktEOAEKPPjFr,3462400777,50610899,UHvUbyRhjd,ppadHspl,22,80456
582,rgnpoQSH,DeeySlfmZO,TdKQvztdhPiu,3942986860,82867658,OxGXIAFtlX,LSyZwnCS,32,82240
583,GdgceHhm,hPXoKsjHgK,VArBDkJAwUUQ,1620439669,99983537,yzatAXOQFY,ifkIBFpZ,32,63688
584,ABYaOyXt,FiyQKJxgUP,iySUXNIJaAqA,2298081522,54975527,SWpIZVpugY,YbnQFkJX,22,47094
585,ZATvlnyT,kSoTHZLNxB,eprqqUXIremb,2192031891,40484418,bWeFMTfTlW,KhJHLCrY,53,81610
586,ZgcZLXFA,nYRdHHEhoy,jirFmBehIALq,4162245006,20169153,iwXwEHVRtB,SZwsJake,64,82854
587,vOMxMCsH,SBTyQbsFDz,LEjBtXtzcwdF,1367636315,76031350,HbokzFvSJj,aNDcDefn,55,49008
588,QpbHJwyE,QNWOAGecSb,zJcCYyQFHMeO,6677087332,68174424,LjNVTWlSJa,plrBrDIy,62,43039
589,QtfZLDSC,QfMOJvwHUm,iMpTFlrVvbJO,9923692527,57450996,JAUMWftRqg,iRLcmzlz,51,99332
590,uSeoCyWH,UHjvWUztuf,nbvlLcfaPrrb,1765629319,22406111,lRYTHkEHiV,gNpIZgTb,46,57603
591,DVaRCCEv,swcQGardiQ,gpGfOBlSeBZC,5318114039,58049371,puAuWFjmpt,cEdJpjtc,59,31718
592,mWZptdGv,nLfqSerclv,aPbJNmdrZdKG,9278479277,66915884,NeyTpcDNjU,xtmJpdnr,48,28039
593,NBFFUtNl,TOHKLoVKBm,BNQqLJPkgJOJ,1838634741,17313190,uaSfGjVlKj,YZQnuveY,50,31899
594,JNkDXfSs,DpahrJpyPw,XtkBGUPrGVeT,3208105915,50268612,ArTtZUIgSE,vZqerVup,44,43555
595,oHnxHhat,mkTlekMDvy,vTKRaJGQszrF,1813913015,65829961,FrHkMWODHE,iOLrwIIV,60,45785
596,YddFSBTD,fdpHyHLYDu,UeuyozTRQGSv,9940602169,41895364,YpPorZrJDj,bRvfAiOb,54,33496
597,sJJUxuzb,VWsIELWRcy,WHSgAMjQtzBf,1278863160,80803191,jfHCMnSpzP,WBcgGQbl,25,49393
598,BZPQGHcK,TXWatOzZhf,PGhPuAAfxOQe,9135078215,39630215,goQuduJEVw,ZhWMwnfh,43,25136
599,gqupsPen,YQooSOjODv,NeztnoFbVZRE,6774019730,93553907,PelPrzxqnf,xOeiXRjX,62,33334
600,UvFOVEmK,YkoZdoHjaC,kvDGWzyYgAOS,4961475093,69313628,sWLTdPlpgo,ECbIidNB,43,55207
601,PJOAlwVu,KIYEFdRUGz,SLspHXFOTbAI,7421318952,41916724,HvyqDHplIY,xAlKhowX,35,21650
602,pkfBrWLb,QrknyrUDjK,AwhlVjfQPYJY,5759024856,50087058,ecHCMkgllg,zYKaERBF,28,43234
603,zjDDaVqD,VEPuCoQpic,CXjrtczexoja,5548900946,29665339,ecTjuTneEU,gtjxHTlw,24,98916
604,wRVGnlPT,DgOhCHPkYe,zcgwJtZQJtwt,8579907642,94682738,QKKlHqbrhV,CjeuxSbm,19,49212
605,OEaQqLjU,NyhkpIEdZx,nhhetCxkFwJC,9985997947,70408076,BwzgyabIlM,KTPHPItD,53,26233
606,rSCAnIQn,uqVhqSMylF,RpeQOIjwkDqm,7156465983,26970525,IijAwOMTzB,MuqmWlXT,65,81691
607,eiJyQIBZ,HMapZHbiag,JUjaeoIdIEWr,6269779680,65059046,xaXTsqcWIZ,vwEuBCKR,20,40269
608,HwrQLURc,EcxtoRRwVo,NtBjsRSbRSov,9598786326,34719191,nuUltsgkHv,ljAqlXyg,23,33385
609,nVKCHepp,kKcGEPLYJt,AEzZYWFZJajY,4617782429,67281928,BfzygoXDEL,zIMMUGmu,27,99983
610,bOuCBRmz,BAgXEkiIHN,IofwszLcdSSn,8437894185,69541775,weNHVMtSlC,kWWqhVQX,31,45024
611,FURGawrf,PyqYERTApV,OtlAoeAbYXay,2751758884,74076951,QqAVczygsa,fTywioKs,22,84809
612,VRzOqeRf,OJlVZGGohK,KdolulliAgof,7976737277,54234065,mwsQqeGyFF,HTOZYzCL,62,76246
613,cNOpByXj,wxwVGyLSSt,bPDbJKmKskVi,5689488373,38188029,thtkAdhCky,rsmkKJUH,46,25598
614,WfrRYAQv,hXNgxRvEVq,HgHsdBmnBMDl,6024026312,80285622,sfZPrhpAoA,MZrYgbzC,55,79486
615,ciIwGpzy,SrFKuedklk,aOfCxKahDQty,3963566092,34014766,fCoFkmeOTx,ouROHoVZ,51,50654
616,BmuoNKjC,AKkxKKLAOb,NaaqZNHvFwmg,3447778203,32374384,YNszQtRiaQ,qvBScnDN,28,78072
617,lpwGtvbq,JVDQFdWmJs,LVsHncWtepcQ,5851583242,40161238,YUIxewVRqR,IfMwplXE,20,73339
618,KEHaIPEX,mzLqrBuKkh,GxAUdAyElHUm,6197104289,19045816,MTdfEGwwei,EovwgzRU,39,31168
619,wvvoiIxf,gBcouskFQr,hPyWuxQjSsqp,6057400576,14630864,QiXqaTUUmo,xMZhnORr,25,32812
620,otWEFCme,doEjjxSnAZ,rAKVvjxdEgfC,7558559318,44454750,lGphJWJXoz,YfCuZXEY,19,45734
621,VjTPsXQH,pdEjmhhYjf,HxQUMopWInDU,4167865452,94174041,ADMnuhykes,MKrkcQwz,54,34081
622,ZWfKmCem,UdHHOizeBr,fVChimbbyDWd,6428122818,25276323,dmArvopdnS,WzqNaKTC,33,78250
623,LQPeVWmL,JrlZbotDkl,HiiRfvkrmGWq,3674003450,25954576,pFrdBemWuI,TlNlYESw,52,47820
624,xCCABThE,FjErXkMyLm,BnwqMBmXMCRR,2606423199,61147888,BLhtIxmeGQ,PaDBeGVL,51,81583
625,WMWzKLaJ,ugpATlMUOM,XMRxZTcqMaep,8351837694,56683822,MOabWYMbBL,HwxkHest,33,21875
626,TdcRPWLm,RmkMVmtyFm,zWMhQHBudgaa,7545268322,78321872,FCTcEzqvNP,SkPloeGC,49,98720
627,kWzQMJwe,jwLFhQibMS,tDXAhjhEpIEw,2997544953,55818821,yyBnhTPMjK,megSDrFQ,50,69468
628,RBRsjxJR,ImZpNzDJSW,HBspoXwvirRc,8842310216,40253558,sfAGcXOLsX,LkovcdkG,26,26603
629,kGQpHpiU,hrROFGFCYk,DlhHLRGWUBFL,7776262620,23834728,tHxswJzgGU,dnIfCmlr,37,74308
630,TWbCqOma,TuNfPROUVK,GmRkkCPLSAtE,5555089242,78275514,WByCaUEKZa,YbluwaAe,44,65854
631,xAdUmSrp,OnHLSvIByA,fiiwnBWOlITt,1943338439,54007843,CtolWwCQQl,YzCTLgoe,19,53187
632,OwqPKDtk,yUOOUNppZU,iRKJAMaWYLlw,4816041213,46021972,tovbFbepAc,vNSFtbsE,59,21056
633,ZRtGdrGR,qDNeAtdEvO,ojVfCaGswbIo,3069177989,78001171,CTquJVbaRC,ssSbWdHx,30,94760
634,OusrBsUi,ErScRQmWYE,naSwrEKyWMnZ,4656259464,19601140,dYKZSHvaDv,VeicwfFh,45,60685
635,maOnzCKw,jAhmhafyPg,hhbkEJgQlCHv,3956218798,69841387,tTgcepjmtF,OMWaFMwW,56,37824
636,OfcLmPcr,ubqeBXGdzs,HUxewUdcFDZl,6593878496,23496204,lIhoVxFXzW,GuCjabKy,25,91303
637,stNIpbtr,pZypqhLoQM,VuBLnyTcqaGy,1044433387,68532217,XHwCiXyWUk,IbLxqEyw,28,82750
638,vPeMXlsf,UlglfqnRIa,AIwgZNxDjFjt,4991562471,17215145,cMPKnMIbPT,WJvUqxnN,54,42146
639,BksYyoaL,jeDUjzEnto,dPWhWDwuXocY,8984384344,12911225,GJnsIJRgBy,CUTfZYRn,51,49333
640,QJcYEteE,SomkZSSXhS,YMDfrPtGhnck,9710481541,44569392,BHGESUPQDp,PWIMSprq,65,34017
641,vRmrxsRh,oeOxmmuZVt,FmrpYjNNnMxS,1214204603,81640743,QZLWnAUJqn,LhMWAbnS,47,79972
642,MjsxLzpo,eHjQoKPSqA,AGsOEKcNFhfW,2316106611,20563678,tNQgfWaKjp,WPpwEocl,24,43697
643,WzeCdmGI,tVBCqZHDyv,RQAOiatSgBIM,7534790667,33758971,lyOYBWBvcA,eMMHgMUZ,54,68768
644,kSriNCRc,thCuMGhzfv,pYpxOBmJPIVn,5052313103,96784829,dxiJONJSwh,PtEvESdZ,37,35080
645,GKWGBsDJ,jrICteUcrJ,laSzfgLYPcPY,7909815371,63228070,SZWaEgZvfP,ZQFNfQdj,40,78903
646,boTUyTgW,TWmECFeTmE,wqlieBnkCIpV,2239488425,60802843,ISJIqeTINM,OsssjDws,46,34737
647,YuQDSLLw,dORFCkPJAF,JsTowpvYFDzN,7946439751,58198334,EHJkNMBhOo,FnhyaXyr,55,45363
648,wZLxnBfk,ednRAHjLEl,BMpSWDLAIdvA,4030957059,98501237,hwZNZOsprP,kgDRFSSR,35,40729
649,cLYeoohf,QYMnrvQInM,QyXuVYOCHsix,3729656372,24128980,hCMKrqFdUX,CkLGVSlr,64,83367
650,scHAnazX,TdFdfzWqgT,APQHyHtNvPZc,4563946069,72767373,yrkwOClRop,YnbyWWIy,41,63210
651,RJQzJUpM,SKySTwfctd,nFXhJAdSYDuQ,9242449133,43531549,ECVVuoqDeC,HSlOLrIw,63,26731
652,zQAuNxzT,zYnbPwTBdn,YZFZjMuTMIBg,6514199991,99923535,yVLcSrTVGA,aaeYiVhv,42,95442
653,ANsgGVYQ,QZGcqaMEGF,FnHlwEEuWEdr,6250193592,63651866,vZnQvvgsIb,oMydHhrs,42,36923
654,LOioarIG,QlAtamFxPS,YQFGLqmWDNzE,8296506767,91016140,JahJpvmScD,ahanwaRT,24,56618
655,vlioeTfH,ArQjpSiGWN,JiRPPqqsVXyz,2648863794,33919360,eXWDGytoVY,hwsnCjBC,24,71948
656,jSVoidMI,xZxfwcpRXB,PrAigddqhDLp,1309108109,67489947,fKrszurBIV,lUsckTpd,45,39624
657,dcpmQCQg,yiNxitEMyp,sjHsIpEMhzgm,2823317991,65858939,ZwayWaSRaF,vBXpJvTd,58,74091
658,RJZjMUAr,YcvyfGPybE,PjjzZtUbffVI,2135854363,26510811,JJHVQdibgz,CrARpQjG,33,20903
659,CVlLipLv,FmackokKZg,kjCDHyzgJfWh,8205108119,68405303,siBzchFOYU,uZBmPMrE,42,59632
660,MwBYqbvW,eCYTduZfsW,PpGLbnJrqSEW,1599531185,71055877,AKoICEVPmF,nzwjWwbH,38,52259
661,lDZqilBb,OVQnZpNpJK,ZnvauJIszDev,7832795111,34110130,VuSEEmLnQk,HZHpNNfJ,28,26063
662,fJejNVjO,ESpqZAVoHO,UirontteBwoU,8309668546,14315173,QNGlpgUSba,mVemoyaV,24,93943
663,FVoBgEZX,BEyqJcOyRM,AWGtdVwneTWI,5340470289,53774263,nULUGrzIHa,YwucfAmp,33,36846
664,JfRsaRdf,UyKXJLgjxI,qSOZqcVOXBZJ,2857428628,14872621,HDujtQgbCj,XnDaisXi,37,60154
665,jLjpjCej,KboFAKhkER,UNAADUaObpDd,5992602047,97832051,nVepkveddB,KMQKzWSy,46,23033
666,DjNOGfeP,fZmfyIVJBt,qnKGkipmLkek,4138248204,12988034,FsOhyBRqeg,xXIUGCXC,55,50265
667,nUMtRwVt,PguoayvgMJ,OjhFJSKMKsNi,4699683562,93705323,bsrjUtuHJt,RsFzwIVY,46,20558
668,oUAeTGch,lCFULPvtsJ,QTLZVPkwWOSg,6012292061,22803518,OvNMcYTgcT,tWrUNUui,32,69819
669,lGVCijau,XErLGWAExV,CbGzgvdRucyi,7756654843,29568380,XAYryVCuLM,asoxeAwZ,33,46367
670,rBFBfjTk,POerXuiCbc,iQwqDioQVBKn,7047172492,93688013,macOHZptfj,wunLgBea,45,47637
671,vWydkDMD,JAQxDtqghP,guWINHvATsGY,7992034980,17087599,zHmTgxWAZA,ISSnbeWy,51,35025
672,svPIbCgs,lfsOPNuSwO,TsSDBDjfrBcj,8517482177,46156916,aZbcnlVnUK,sJgtciZS,36,92605
673,JbPktMIy,QEgWSoRtPc,fZsUHbsjGsnm,8266978543,78737493,TcBCTBvTak,PUKPJfbV,47,64208
674,WRgdXrCG,kiIZHAkznq,yrjtoTnAzGBA,1118273386,44955797,szMnciOwCa,WcDRcOtO,40,96903
675,aOgIOtUU,rkbLlIvVme,UjwYzZdoBehV,3801532058,52563355,ykUgpTGTLM,HXRtcfCU,49,78379
676,eAPfdHpM,reWEdvFOrS,QQTNQTnTqzwM,6948852707,33228874,HopJNHxcGf,RqeMPncp,23,24271
677,GGpvortp,yxgCTJYikl,PZaJvwvMOGrr,3307406327,42491904,aptxieoTSu,ThifrXno,32,85122
678,PyOnECCm,btAewmgqEj,XaCJlEprOugw,9222097412,56046347,AhMoLArPzK,EXUXHSCG,58,38108
679,JDPzojvX,FmIaAczohe,FmBwREmiBjIk,9357184330,52317284,dOsStYgBLq,mLmUwoIh,26,20154
680,mAKAWrDo,ZhdhQMogjF,gzfHAJatTerA,2137213913,17534000,xPNTTpxFnW,KFapGqLs,43,88140
681,qDBRxfPW,FWgluIUiHY,ywIAkBCxjAwy,7208875267,94381441,jcUwGbPwGG,tEbJkeQj,53,70784
682,aNkTeifj,LbkaFlwVdA,oiaUFRfdmgLX,4412279056,29003806,uXSjyiohjz,CEyQoWfd,37,47346
683,pobEdrOi,NAtPPspsUm,nqvXUwbNTWqF,2158362661,14333342,TThiqsOgNA,iAnyqmGK,47,75705
684,mvkoscHQ,xnmGwAwVyK,UOKiWyGeoAxC,9859894449,49577483,EahmzjvIRY,eCjMNPzL,28,27604
685,ofngCWfV,XormzKIMKo,prabvnUMwAjh,9454330021,23159972,JpuCLsOtix,YUqtqbyK,50,27110
686,fSJQNfVe,iQyuIAqyiF,HptTtjLhNfzX,7188581520,61846881,NVdgnEgvwk,pTDBYZAu,54,29542
687,DNGfsZRI,JGdguAXxkM,qpiAcpsdDmlg,2592540471,59675566,DjmbgWlUnU,UXrjBwPs,42,74923
688,zwRawLLz,uDyHocHWzv,mbGSoJUbZLlT,1433233370,46838583,YNPSkQkkIv,BNyZihhr,47,66125
689,HYAABzQV,FrJQMKGTQJ,XlQAGWiyCnRv,1293487200,90331782,kuPttnGseH,PelDXtoZ,34,38300
690,xMUrmShI,FgiClenxDS,fHeBnZLishvW,8290445404,78641505,AtoZZeduxT,esclgrMS,42,28559
691,ECRQzNhJ,kQwJUkWlvs,vkYkYgiXsmcK,2849098343,13702080,dmDQNUGaPU,DZmKPfIz,63,28103
692,TpqGcaIM,rAtkHTOXeO,UScxoiJYuhBb,4216755549,99505285,kXRotRhZtE,VTKOVcfC,48,49753
693,HQFFIvCm,qRBrsADoTi,qtDaSjpIkSPA,9982315789,47406847,WXcefFnCxx,UgZZenHd,18,22409
694,IfIopzhC,nygLLJRvdn,YnEBKTZMXMWD,8525512431,72485076,zSmYwZhGKI,DNLzkCzB,60,43038
695,ziWqTaLP,lqmnkZcBiq,TMWRGLBUKqHd,7875585161,77990277,rmlwLUzmER,aRvlNMKf,59,74371
696,yZsZqHxC,ZKKotbdJGA,SAOgAzyMpYdM,3698813660,29741946,BSWcndRqio,OAtqfsoP,38,34563
697,VckUZzCQ,XGtURZRIpj,xFflEVEcjSdg,6670498776,47964679,CGioMadzYD,HQuXAWuj,49,25785
698,TexZeCyw,oZAvMKJlbz,emXnIXYbBCEE,6348608574,69221132,OfgEvGzXEI,XptXaRAe,44,56956
699,eMLfaFhN,oSLuXBkWYG,ZngmEnWGCoLt,6269837522,53169057,HaLHhpzlpy,lvLKhYUJ,50,32478
700,NVzdLDuJ,GOAGAGTUhs,JXazdwkrNAyZ,7354849598,43647293,nEMQdRUWjb,dGZuCYFe,43,29938
701,ITTvjows,ryLEhrKLkp,njoZxBMfjyqk,6178293363,26073476,izSaXlSRac,uUIGznTx,34,57593
702,nXENdAOb,LVBEKaXuiW,MftmNkucYzpB,3557024824,67941728,pnFySoPBvb,ViEMEAYj,41,52750
703,FRXUcjAH,AMSeAXTpTY,DfaqoKyMjILH,6465610117,19805944,jXQcsvCOZA,wDlbwlCw,20,21667
704,kvoWMSuY,EhBEOmMnZO,oILncBdqdEGC,7923658344,73253425,hxpnWbdHKs,DyhBgJuD,23,31233
705,iOhyWCKC,WYXGwmpaeM,grwnUGlGbtig,2803237759,88693255,NLbkSpXoZq,LKaooQiI,51,39234
706,khKfmjVZ,QFemkUdlof,AWoEnnJEUlqR,5967130308,74381956,FsZDzQXASp,BvYxnjbd,44,47785
707,jkXZwtlH,CgnETdUOou,qIiYVaKalwXK,4491478769,45032107,tXAAqEQPDN,VforoLUd,24,44556
708,ZTKcseEu,ZaunNnHcFq,YlBZhxyJXwqV,3477988577,28867952,EdIUzIwIvq,DqFjOuyn,43,77268
709,dnRGeZMF,yvhtYVDWmQ,GEEeNGdzEvFF,1233790847,19640970,nMQqyhvWTp,rGJiBEMu,34,72205
710,SQXNNdKI,jcPURUJnVj,uAGxaNlLyUhA,4847686705,98124178,IoUMCebyGI,pZkYMKzx,56,64590
711,ZyBWbhGc,SVrlVsIUhq,yPoqauYmykIM,3139623658,17472178,BGuxfpXYAB,LTcXoQhT,39,54017
712,rCSeOGiT,lBQrnwDikv,SksAguswcmhI,8051276960,78693444,GqkcHLTbjA,aSbfWCjF,30,91281
713,bxUjpzSV,rCxnDzbVkv,JZyWqUjcPfkk,1201159847,55580102,wDYqXSswIK,kEcFDKSS,34,63778
714,dNcufJOi,cXVFktTXbc,yZiajTOcNTeh,8686321266,58357508,PrRoxcBFmK,LbkbMbIo,52,32120
715,aiWvlWml,opqYKldvWF,EmcgAllpOIqO,7122592371,72523443,EODBDQAnHg,fBdJoszd,60,58205
716,QeiFeJVc,LlPWQyhiBc,ItxRhqmKMYgO,6608240345,64137442,slDaiTuQhu,jtkqkKvN,32,41896
717,bNJHlSkp,hnsyDxUybz,BcshviYmIziJ,5742692553,76661087,zlNqgrOglk,xoqOtrOP,54,35505
718,OMBNtTyY,AZsKqXyIBe,XliEIktlxNLV,9793518660,18595937,TMkonFlIhM,JGyzqbIA,35,87923
719,aGAdxTJi,cViNGVwktj,iWDcMVPvGvlo,8692535925,93190584,YTnjKAePoS,lrIuJjhA,55,85598
720,zMsbeKiC,gDIqBbWYys,CNNhfiEBmJYt,7845247398,97988733,kNaFLSGKuU,ehojCphx,29,54980
721,mHdfiIWM,XBjQlYbdvw,YUrguapmQfal,8580403491,49093804,vodBgJszJT,AgpUFJHg,32,24025
722,zrndBcil,kEoTPgjsYU,wapsEufWdbpU,7407860811,72611529,nakJXyyeEV,sBuPxItp,44,44377
723,wGINczbN,lhdpeXHMUB,xEUPAwpVZKwt,7094477757,72351279,SOgNoHiDAI,ZRbQDAqD,23,74452
724,YCFqhRAb,oANCuipYIp,yVKeJnmPXVtx,2238300898,70281810,VgTSGpNYFi,SqFPHzYd,25,80674
725,OylnsNkS,vNOGrvbRKF,hIkOyWDjGbfB,8946842658,71112161,bOZaZLfNJt,nGWCdyEJ,39,45937
726,OwCGQWXX,AUkPwRtYNf,KhrPgpBPmFNb,1831577217,87029175,YRxYoXkgxv,pPDQNLqg,60,23116
727,XlqpYToS,vMpPZksagR,ggWtreRlyimC,5581012264,35483189,DZwvNrfQQh,XNlsWMBg,59,72445
728,yqZIkEwZ,SSctCiDCCA,pbMaEQBjmNYm,2720432299,26851692,NCOtXkPRCV,XXZZgGaH,54,77451
729,dAofpRlC,gkffCHcOGO,OxwtofIUwVkF,4053059082,70887413,ekmCUFdAiY,IjZUUDLf,18,80846
730,ZiFkUEeL,qPHGCVQefQ,gAtwkeygTVcp,1447825975,98537049,vKmZgcahSh,rRSIvMCp,29,36918
731,fWVJOHQB,qpHgvWxjLr,PXuFhjYnOHue,3897678539,90100950,bFlofWpUhl,bJzQMLzZ,34,57735
732,kbxXVWpK,IEvQJuMfMm,nsWbmDaTbQdf,1549103262,12252195,xIgRZPcgWY,TmtteZfX,20,85967
733,dzoHCQRH,ECZODvjfnj,KOuTxxQkOqTr,1233378309,51782187,sDiImxFuDG,QHMEdIvD,56,86742
734,WRGlTXnA,mezQnIMFWa,nGgeNrFpvnkq,7894249785,15837653,KSSsuHAfwe,mKVbnJiy,39,51428
735,pHluPjPK,duGBUEVUoL,oEGmonFcdpuk,4803292641,80550554,nrdKonbvOI,MoWOpJFX,46,71479
736,rZIWqRYI,syfThIDMZz,fSAXaepaLXwj,5127418014,24268691,KIQXDpXHxe,KqoudYpu,25,21181
737,qnemeshI,BAcnuXWZeb,TPXzEQoMzLam,3829557604,74121871,KZGbOdArMf,MguHexfd,24,69727
738,IDhZrwnR,oqIlfBaEOa,TdxRVgZIQjfz,5577978404,16534808,jTXPLZaFBP,dpUPEpfD,27,90927
739,hohiGHeI,knGkSslcyc,qctqwoMSXLjs,5316168333,87247336,eBMmupzGTB,YxdmSIwn,24,78087
740,AXuMIuZD,ebguBpOmUL,moEaYtZEdoLD,5640369383,15472185,ffQPKfpvgb,ZNiCHxwF,18,26138
741,cRJKEUdH,bcmeKcXAIY,RzbLSADUfmlv,5069691172,12781923,UgcqHQCWFD,vTpLtpyS,47,51731
742,gfqvihMw,ODdzlhBOGX,wSjjnOFDusrV,6798032219,72073048,SNkzdbcUPO,vwPtzQHr,42,91039
743,sKWLMBAN,LDjjngyxAT,YFgSNYzFafzL,2361846016,88446371,WAJyEChxyb,BXtJjlYi,23,87632
744,DTadrEIM,jyIwgZkmfz,tQGbDjsSqQsk,3303410555,23907565,jPcVilOZAD,wpQAtSBN,27,83802
745,XvfaHZyI,yieaGknojF,bAqhfcmBOORK,6203403281,46605455,cakrriXcoX,SXDBEjkO,38,34559
746,MvcDiRkr,fqPFUaPGIi,yqXtHaKESpSi,1453165707,94996540,luSkTsuSvA,FOXCElBq,50,34994
747,EiHNYDIX,XsQdeWhUPM,jpPmgMshJTJp,2867797292,27792335,EGNMGoWOdP,EBonglLv,24,90226
748,kkyyokxh,CZDpdPNrJn,JnIphNzZBGaU,5848300987,11442474,jQESjjcLJn,HjrGAgFl,25,91596
749,scdwobiz,YHzyVSvQtQ,lFCmuBzJFwyu,4650042785,26926387,vEfwTIHhkh,fhWCLUdq,20,86662
750,hBeJFGmC,aARrxRmjjn,SLWsESyjUawF,3510573368,38937705,BYZdZVZXzh,ilHoODEN,41,86699
751,UnyhKipd,MUtFlOMyWf,HBbGNQRLTSte,3615002715,99324152,bkbABCbYUK,UjQbIYCc,40,56414
752,AhGAKEDf,kyiNVtKPpH,mJsuAwujCyRP,8005330745,81459255,PsgmShEphR,JDLhTrVa,23,30380
753,qXaqgliU,TkHKjwMLqU,UjieMXtjnHri,3931973578,83455887,TykUYdCUix,ioQIbYyZ,21,20854
754,XZXevMzz,UYHgFFEvMV,vypDBcRDyisL,8255112733,65732249,sCQValtZtP,eTIXxQXj,32,71931
755,QKQzRyBf,eDPLiQZGNv,bYpTTUesYKgy,8232106656,76474723,cnHPFauaKm,CRhqcavB,61,78053
756,EFVoBsQy,oSVnemdyQe,AiwqICzKnbZn,5873850416,87064660,FwTpiDCZZI,RtWguQGL,33,62379
757,zYMDSmRV,OZXcARvlGC,cuuUNRjLMXUZ,6220080550,66541956,rWdabhfaxH,EpfFmZwb,51,30390
758,lqVmJGqp,bHsKszdGsn,JozDtlKfYBqh,8792141835,37922298,dbjLHNwsVp,tgjVSRHL,23,52709
759,ykyLbZhI,zZEWNqeZYj,UKbODNjPrevN,7122166981,15232895,HEPLwXGGiD,tEGNGBSQ,35,29629
760,kcAzytWA,adZJflNcWU,kPqCzcqpJJGJ,2679869804,76022789,QOuoLlzScL,dtTqCtcd,37,29895
761,VNPXGTdo,iyMLscsqPc,HtqzhMMEEscs,8141822669,22306499,uzzKHlRgNV,jyvzyimL,35,78472
762,XThVUVMB,PdKUWeoheX,uOJxKrCZYXRu,8135906102,93517097,aRvzQAzMpb,vvRPlpVl,61,27855
763,LRBaqFSI,WZdmGhqlJl,ACDKnylmBDtd,1798142820,72727802,HCEvsROMIx,cTJorBmB,25,45099
764,TXxvwTWh,MeMilnYzxt,kZfxsiZqhekD,1781962529,35657111,CvGjebocJw,nfvoLADF,50,59263
765,GmqUNEWj,eOBGPJNcck,rwtqatJmtqry,8034686934,52857693,BqirdacFso,BznexhlN,42,54184
766,gMWmgpEj,crFzobgkkV,rLTJMlNdAIkj,3720857362,29221135,cRRUuPxMoB,FqNxxXrY,34,49824
767,OTTHtkDM,QMZTWdQKax,yOZTiWRPflJW,8159972005,53104090,muMJKACmmJ,AyEDYvPv,65,45836
768,eZxAPjGf,ofpzoFgpKB,mVgLSDBOVlPA,2916131933,33606581,JwiTvkIWSj,EmVzxIve,39,49896
769,qAcBXvBj,IkiBpnLFwK,TwLkiaoQIbZI,8137229512,49594707,VlxrbLkfiy,viYgaAkH,20,40891
770,SKEyoDaG,frLakasDjn,rlWbkgfbgqMw,6735728035,73469611,xXSbsHUUAG,eXDUVEKC,64,32881
771,luoNBcak,nILSbpaESu,PbbgzFKIzyeN,3134633022,33035446,tacesjFVUU,wQeRirwa,18,26784
772,etsXClRu,eFrcfznbXx,QRyiPxIHXkKj,5097599349,62259518,cRKboSKsbN,vJMwVPcP,64,95874
773,sLzjEOyt,YTpIEAsueH,VDXkKNECiWLT,2841385573,72433211,wLhyKQExfd,MSXRqRtR,51,55187
774,folCnAVc,GuwvIQTrWJ,ULSMTyswpsup,4350032207,10854321,jyCdgamBMM,dJFOISeV,19,31782
775,pxRbDFrR,lzHzgmRLWA,WMXCErzbXblo,2094634298,89962741,kaVYTTHhsT,kmxCezlA,41,23592
776,NvMsBjLS,QbfpOsMmEl,yhWPrtgLbldi,4160623976,37225712,fHcJGpPJnw,aoXuJjjD,33,50114
777,ClsUVBCz,NaTZqWDmdJ,fFsFtEHboZBN,9347217276,30475409,pzeipWEevE,SQMwUbPr,57,56132
778,wGYifadN,lizwhjpcTJ,EaJqFVZeKhdc,6171532023,60554782,ENjzsEqoJo,iTFJRPiY,22,35544
779,uAirqJCP,NuKiPBTLgk,lvSkJZpJKBLN,3573146227,63180540,EQTVEZzIdD,XFfGiPWx,28,42434
780,oCKqidzt,oEMuQRGqYD,IIJoBWcUwoeq,4550127661,99388749,biXxMKfQPT,FmWfdtxA,65,31346
781,uCoGwQSi,HRsRthPzMw,gxQBynHNPlAT,6153758966,27333436,UcfwjofSkk,MRdkigha,30,87883
782,HCYoOSvU,uLOoWJIEdV,nwsOPKGYBSwK,1620025094,74280248,xpxkNOSVhL,vTjiITpB,32,22165
783,WCRofVlq,dsYossdiXK,LGzQKdbhjAxc,6006017024,86710839,YhkPzwIcmU,GeptJNSn,53,46572
784,hFrisLQw,pDzwbvkmON,HheyJrAVNHES,5464511845,17779936,RxviWTsgKr,GcmcvliZ,19,86900
785,JuwGBXvt,DAKqHvZrTh,yJaRPvKKWbtB,3285960475,37261322,DvRHfVBkis,VgPDOrRK,43,42861
786,IxJzWTVX,eSxlnQOnYB,otRUbAqhOLWr,4282023914,94939223,rSvVTQnuQI,pQZkmPDy,65,81121
787,tmsDvtYg,koJAjHERwG,FdYBtMTkZGXk,7698708413,24547382,sgwChtmhKS,fEQLkVpV,49,39770
788,AByderNC,fMPejrpVuk,BDGvvBxMYSkj,1571858639,31968323,oYoIXLlqdq,xglrDghj,34,31624
789,UNfinIOH,ikJZcnNYVO,gGtKEgRyWzUW,7684882776,30332243,JIxJfxmXHn,flhVYMtB,41,34784
790,HYLhYmog,JmMABqWPpX,pTxItKBECTyC,2265235108,28426307,NmKeEOyZHK,mouILIre,34,48899
791,HFpFLamG,ZRyooMFUXW,INhAoWVyQdpM,5874825446,44278596,tzwRdDVWgv,SlMmshgD,26,29134
792,MbtPdrSA,FkaTxvAAru,nFgoucUyfZfF,3439159650,89942832,uRqjYyuZQk,qnJlMgbJ,52,31908
793,TTnTVjjl,lCkLvDdObs,yhzqqADnRdBN,6755556389,89777770,ElidgeNwzp,qePJznYX,48,39372
794,XYsLJjxv,DhrMIPYoZQ,NXYJtmDpNdkP,8453470411,47935603,roWuzFRvPE,aLkFoBak,48,34763
795,FNEYfNMa,vizhZjZrnQ,jLqLKMfUcTnB,8368221730,45784462,kVbtbIOuTh,fMQJxEhg,52,70461
796,xvnaSZnI,RaqFVERviC,MJUIlNEjxukx,5555787808,59488497,mJTIIgZuHp,gUhLFDjh,57,33910
797,INXZPCxT,nFoAHayFYa,GZTndbsfsYwo,3331703368,20515928,pYYGcYzZxl,ZZdWpciq,40,74030
798,JfiVtWZJ,FuoGlPOuSk,byjrgsVmdDxE,1536896269,15047383,EjXGccAFeQ,WXQvRzqm,25,62054
799,GCavEQHt,IQDJBToPDs,latrIOyFgscm,5585496603,16400000,LYfCtNwkhQ,aYNIAUXB,25,62481
800,PPMKjpjq,RWrPUouxMN,pUHOWXJVasWT,8689218029,90049432,aHXQXXTLsq,JAaLpDRu,39,82639
801,AemEpwMB,ovcBkkABKJ,NaObHJBTRSKc,4595263043,27951802,zkKumtDXYb,sYJujAgY,60,86271
802,NjjDdyQY,wgyJBMnLFi,NVpgcrJsGiGK,4149246716,59260648,pBQetYNskY,BvMeRyoY,59,92063
803,qnoEhhZO,izbBlymXaK,IYCeOPmcUzXF,9616209914,49752360,tsFANKRLpu,MzCbqgRH,18,62707
804,jVUpmNog,cKQlCwVOKZ,hphpfNyUjtzi,6101416862,32178532,YHzAhgeRrX,YyrSwJwl,57,24865
805,rHrWFlBY,DJctCmaNxT,cRNJfAwzmVpY,7476679142,73492027,ZHuYvMACWw,nCTrodAa,38,59569
806,dFmIRVzX,QujdXbrEEI,XtBGZVvMxsdj,4231218230,56448541,Exzjyfllqh,mRNgQHHl,56,66229
807,cTPRqycj,dqtYtCBTeF,dgfWIjwdtBEt,3710208061,12949300,CiKHkkZUGT,GyfsCELg,21,52066
808,UtxUWGSb,MefcDoidEl,NyEBkJJIoKep,4511061874,57302795,yxGtDEVHbQ,RIjPhyNm,65,37532
809,tQwtOmzK,VNGAXMKoXC,YKgsoKKCoYZf,6886192322,28442642,reswmtVYfS,evuutQqC,54,95342
810,sbutsYdE,hGGnFzxrRd,LSNMvdrcxtIc,6336428683,31842482,OAIkOCxIzk,iInfJUeQ,28,94808
811,jzTzZdVx,aLcGpYuFYs,PuapVnzucosi,7552681787,65371844,yauKRKWKwP,DMOpDHIh,57,55206
812,JnzmiZVc,SEOfhHkkVL,OkPHNgKuYTOA,6371326128,63224522,xlnYxFGjVL,xWQDjySg,32,70910
813,KDQwYmeB,kwBejEqVgd,IiNXVKNgkfhz,7055475245,31651382,gYlbFSUXBu,pwFxKhqX,49,82950
814,SLWLWoqy,HreHCCxzCg,AVCelPnNEpCn,3886114662,89243649,kEROZJCFKx,qwncYQAC,20,49083
815,SiqoLUys,WnuHFNEjKg,WVNEXNksiobN,6626623766,70535195,TFuzXWkEUJ,OUNDPSEV,20,29223
816,BhjhdIqo,ynPwSBSMSn,LBriPuvTlipP,6113083416,85385067,miYxWDCZPM,zBouZJki,41,70485
817,YnmBQJVz,fCtvWPYGCe,aoCSrROrrKEF,9073357680,89458070,feGwtsqIVo,wToSGPNz,23,33486
818,MhwQWpQn,ChZIRmHgRb,DwrGdWZQtSqc,7543069344,76021411,leOzCYPudk,ckNVMIwe,58,74897
819,iAvzPWdD,TDyyBTdPoL,eoBVSOzPfHga,1383152355,88133908,ifzUOwYAUw,qmPpMpbi,43,41481
820,ojqrkJBw,hlYILzyaDE,GIpiWFOrVGKL,2109968609,94925015,qvhlKWWncT,OgOkLTRX,57,26244
821,XhIsRiht,gSYcPGBcxG,pmgWJZzeoiHY,8864204651,68225272,ZdBMypzxVi,HuVBpueU,55,84315
822,iCFKlZHn,gDWsXnPWqT,YqbZncdUhxrH,1369971595,80198093,aSyVdPdAuX,pRwgDfld,60,44849
823,qaVPvNdh,oLxIBrrVJn,ZOkLuulJyliP,1958939599,71936020,xVjVsoKmDs,aYpBGNgx,42,80375
824,hbKxdDoA,QqqCvYEtCO,XxeSKjMBpMyw,9933342502,52308671,ykXFvRBDLi,jLQRFVtL,33,27798
825,TrflYGxO,tJFEFTivtT,lpidgThPFHOB,1901293826,52273122,JJgKJYSiBZ,aJCeoFrF,32,48156
826,iWKocHip,LgsCkvdGIh,BsCzrfWDfeIA,6437853809,62317645,NAVbfsskJT,ZIOXUKJH,63,47409
827,WlAEMsvH,bslnwebZKx,ljZzDUqswyLi,2591707722,38576298,jLtItKtmJv,WHZdQmnG,46,33631
828,sNxzxhqK,tsOpxlkKFv,JCwDulqipqgM,3946777508,17526959,ImHdNpvpMk,QAjHKkgL,39,75682
829,WaAxoBWe,ZDHhVfwftZ,LxOwfKBvopOb,2940726203,94974115,AANgMKCTZB,ycFKFwOK,23,23386
830,cSLkrDNw,CUKGOzBpnn,nJGRVONaRDVS,2083603573,26333347,whjaXaETiL,QrNwGgWo,52,58553
831,qPpFeUPv,dLFwkrQmlt,AvLcUlymIwHL,7077229888,53015065,ZnANfgRYTn,KUCvAjRK,41,32018
832,NUeZyQDz,ALZpLLawjn,ryaQTRYzxDAF,7121521164,51642061,QwYDLuapgK,pwNjeLpO,56,43580
833,PSWvKnMO,FnMchFCveE,utpCfYJVmjqW,9098135595,69538742,NOZjTXvwQJ,DNiFbMco,47,84612
834,GZQNnWzv,bdaYJmOEaV,LOzVpQcaWlBp,2781740321,28917389,ifbgmIwhPO,QSLIUWZI,46,38251
835,zOdYVode,TZkHzHQERu,KlwQcdfgkxSi,2270333502,35388759,JIdatdKKKY,iPLCdzDS,30,23854
836,yqJEVyqG,MUgHuRDjGy,FePFgIlujBOk,7119627473,23558323,fClgdXQbGE,FoQoKudS,45,97868
837,AHQPKiDf,XMKcPIlkTN,wkmdrUwupjSW,3130136809,33115455,vZSGgQgNoo,mfOTahIy,30,33274
838,KEHvZZLl,JBysXkKxsO,zCoofUcwqUgQ,6220611002,84481375,ubgRkUFyhu,kVgzimKI,48,51888
839,bQFCHsZU,fxNYSxkISI,ZPxYOLodgubR,7618907131,58840905,bkuGIsAOdQ,kKyEbDBM,19,60865
840,FieMdrsj,JyTAIgaFGM,FuxcEmpCJnQy,8894057098,91521505,xvYjGjyEJn,nsFfanla,31,83825
841,JWqApqKc,PFLoLsrdNa,fgtdFDYsiacH,9006496151,61409292,DsaXyyJgBL,VUNOxPQJ,44,94561
842,OLjrphjI,JwmxyTcYeA,EbVwpnqpmeXG,3015975530,47703722,acNxlbkMZZ,BTNIhTxU,59,72985
843,CgONvFFe,wVBFMPyVuI,AggVytQoUCwr,9873965526,78646800,LShDUCuCOi,BwWKyGdI,51,39537
844,wzUJKbjT,hFPGpwetrM,LRpiOlVApoDC,5258240135,98636376,PoOJqQvBTX,XPlXlBqs,40,57752
845,tUjHHfCE,aiFnaAUVDS,YIYlWKOExxZO,4689278557,67194732,bRtazyicIa,HGqrIziV,38,30816
846,YWadaRFm,mjSrOSUVAy,LHuuKAycJhXQ,7901085967,12414915,jNItzzivEP,qBnEwupz,23,62244
847,mrWDTEwq,tjUPPcRabG,ONtCzNcciPif,8732780742,41112392,rPAIfcaaxv,tCvIEoYZ,63,31215
848,ssgyMNRI,ShtqoxCkEQ,yfmyGqdqulkU,9106323068,87411634,lMxuQHWdka,pFFIoZie,22,80819
849,JaEpHHJA,hGVevdrsEF,eUMBffPugmat,9537496476,72657201,aoMgMjEVJw,kWjKvaCq,44,81438
850,zRiSLeOX,JqixFhNJkk,kPnVsNLZZNqA,1588267794,43569276,vybCZTGZJN,EgJcJpYi,47,39515
851,tYDQgyAO,HakVTiYRnT,hGPbSiPMEtqU,6031353515,83431132,OvJarpAyVH,HSnzFQck,28,98898
852,rukOHOel,QiRESAReoK,CQFoUhrsbfdQ,3765897329,37363390,uoANdgWPzN,hOSuuEYm,57,44270
853,waooknmI,uYpcDXfDzA,nDSqLQPELrEN,3438437899,71420890,onVPjxRoFJ,tsNRpqyv,34,63523
854,VUAsBHTf,VvwvvLhINX,cIGetDeXSJYW,1632171253,34031244,BjoOGcBtvo,CqQyCEqJ,24,51245
855,QStuvvuP,ayanonSBUl,HvbGwrfvnBGF,5702297946,10145355,HfiQptnzbK,zHcjPnML,26,31052
856,jNPqWJNT,PtXHLCHNiX,GDDEsGqebLDe,6216975294,96058513,dkSJKtqSqB,DfpZCfbv,63,72784
857,RqMgFgNk,fTfitDJgDL,cpoPaoLeIZFW,6321968152,16943794,QIYLHjSYfH,rpjjYXlt,53,93963
858,VBXmgcst,rGHqPhONJe,cQehCbIpOKer,6402857527,12589430,sasATBJtga,hAXGnbhm,59,65132
859,vGzkmLjR,DptfbhMZfc,SkRuMnFaJEAp,8723640506,52272223,irZCIQxSKV,EQSaRPUz,54,30216
860,vLViAoEX,RXNvlgGkEh,tmXKtTLwXxiR,5750059242,73731598,PJleUpyUgw,asosYwqv,48,27941
861,NGsvqzaa,XWIDVbGxdN,OnJoEkmtzUaP,5762808646,57480843,noiqnicmUS,KXkeKxKs,38,35451
862,TPGLZITy,DHoCQQUfyc,DZWHhZKgCMUh,5916686204,75996571,RDBNtnzxLw,bOGkoyZr,63,23333
863,TGUjqjdq,zvBGFXHmrS,cgoZKmDXXyfd,1097684569,11387087,sHCxxhjRND,jrzKwgWH,21,64841
864,xFSELRhk,SjAWkjNhMy,sSrbFXCfhrty,7333056769,39027358,aZosJRWxxr,bEthoPLZ,37,82914
865,ndlJjLfy,wNGiFiZjzb,ARMjZZTDZXTm,4721384656,82065168,cnlkylqgKx,wjfXIDnm,51,64143
866,cEaVEUps,GJrTIELslm,tHUNoICjJigu,8201494044,72402315,sVXyKRvrcO,RfoRJKEG,52,80759
867,EpKwTKZw,wazABqCVXO,ZdvlFqZyfStB,2316808459,95183361,afPelQnOwg,dspRMIHh,45,60195
868,xSsvhvVy,CHOksSfLuA,rwNHutxsoWap,8884468375,77011833,AoKuoAeBpw,PfYziQnp,46,46300
869,OXMehZba,RMvVHjwMcV,IJULEWrUKBcW,2257981096,38404881,aHONcKJRMn,aVbUOlYy,56,44487
870,fuLvqQCI,hrqAgvaCVl,yRvqSfxyPZYW,2350217154,84746762,mwSYTNhrKN,hhogDhVh,30,95357
871,JuiSNPaC,ZpiSIybDeP,avJnTemUsXfF,8374182977,60875845,TGCYZcBhcz,RttLbfKA,46,21802
872,djyLWJnR,EILXrbfnnU,NjyPQcOYdMCf,2306628815,36940139,VfthKdqafX,dyGovcvJ,43,84415
873,zWdxYTgq,SbIHLhGIeM,LNRcNWJzCJiB,2242137029,63717504,EyOAOHWSBU,FiNmlExr,20,49636
874,OWbjCBuD,pXfaAkSIFu,vsDsOWkAvioh,3998452838,64039186,pjuDPUNONF,BciConkt,41,29163
875,HyajCDWp,hrybVgIoIK,JGTWPVpwzUYs,2680555010,29176288,AQNzZhpHOX,kBAHmncW,22,63442
876,yCuOYpES,cWEsJXSjcC,lekfXhFZjOua,8653695951,73266117,TBeTEqZIqf,dKdJGTFu,37,41192
877,ZHkWFKhZ,VVPuDJnaHd,KcRSvkrrQHVr,4668457649,15435887,qRQOPMvRWE,vHXFFFJC,19,58145
878,QDWJvVNd,ZsdTCvNeDI,uHfAsbCCHJiM,8866102984,46422547,uBbgwPGkUM,TPzniXVJ,32,99280
879,ucxkuZMF,zGTNcfDpKX,uMlCUBQMsSBo,2672861406,72141649,IdKaIRiImy,HkmFHKTY,27,23772
880,ZUtVRulA,HZmVgWFfIV,QfIeLmkfvcgx,2501501734,53310416,ANvsCPDVBC,sQvcwgpS,62,84629
881,jtccUcwL,xHSHkINqUf,JtnxEZHYYVFU,2699780261,80112746,HoMqsngjiL,EGbKrIrT,45,86647
882,VISXqFuL,icgyZGaxtX,AtdVyJWVYEud,8264242777,19582124,oNxlHUZWrv,ilcHFrqz,43,91690
883,zcwXgcLL,VJICiuzAYg,yyGtmLgIdRHo,5408245885,83156280,SXFugUNcld,npvGqpJu,31,34309
884,waJBqzbP,gCEiwCGvpn,KZBSwDzOOEGy,6904051683,57726584,xzBZACUOAg,vRCwtOrA,37,54888
885,EcKtSisx,leaAiPzFBE,rlfhAhGJCSSi,8721683277,28057007,XEwmhhObCb,izqAvEEq,38,51682
886,VAEhCHMb,SoVVvpdpIv,bvUTYbKJTRth,6732726551,15832302,jyasioMsCX,ufWlTYFh,64,49946
887,awIfYneM,EMPcWPgLvw,stszyqUZvNwn,9214501466,15995691,PtyPTWTISi,KdSbzZFh,55,65466
888,nPRlLPye,ZXoKxSAEeb,kRMDtJgdHniw,3106045024,24919433,zpMgfBUats,Efauncxw,42,58022
889,hTxdjqhs,NgVxgQPDWq,SryGfAavWMSP,9143274802,17054858,VFyIIyNKaN,dLVjaITD,51,84705
890,QYlObAcs,YVnKZEGliD,UMXMGoCQvwWw,2850346118,18808879,HytVXzaIdy,HXIVrJfl,25,30454
891,JXdFgDTA,btYgVbEUEi,xKlgQhSOmKhH,4825962859,40601203,QGPbTfhyVN,hJUPBgrw,33,97876
892,tHGMPjop,GiBYOaIyBO,JepKGWAQBiEq,6179168289,83340255,PqFVgfEjyF,ZQMbGWRH,64,55060
893,AGugQaFh,kIPZUAkAxG,XWDwyihQgGYL,7159843459,51359204,SPxtTHKENc,RKsjMrCx,46,94437
894,VAroamqp,DmRXWHxlKr,LgQBTVosWWpx,2155914620,28042687,qqjsnMyYYc,ODEafMGR,29,30577
895,zHjRftZp,mugcfQIzOS,pUoGAtkcYJLT,8027131191,83459534,QAzjDQCnXs,izcqgztm,58,57515
896,DyYNbRFJ,TqhrnYFdFS,DIPoIzmxFRVj,9252967188,91387777,YiGdDJnpQB,LNSCAyPu,26,32253
897,oHWhHLYH,vTcMzGCdDF,DixnsNDkAMTi,7004441068,65865678,nTYPyDbKAo,ujYaLsyY,47,87458
898,AiCxUshu,DlltKYwLgs,gjwWlAqdIdhX,1524283982,95439639,idRvTFWjxH,yBzrxnsc,37,89950
899,NbTCYneN,aRSegEncoL,naxAXEtlQxoS,8837924517,78864032,hQQLPZOZOd,bvYlSyxJ,19,66852
900,kuGXnfcV,vrJgGvmTPM,BxovqjvQCXWL,2108520620,18785599,wqXkSFfhpn,YUzxVcCy,57,73869
901,mzOUVXwv,WkftdFfRWY,CFDFwoiBbSAL,1819300967,76589727,lJqVzrNxmp,NmwATwiI,53,76201
902,qaTXMdzh,gZQGFvsBDY,EKRtyfOTpdVc,1639826783,10223470,nuNNmPjdyC,hSRFQLnK,18,49088
903,HanGfkWD,dYIiJPHHOW,jvWXQbIRPnnh,7913271791,23364134,DbxUGWjAEs,sedKezQH,41,78195
904,VmJksKQr,cDtWVMzVWA,mvkPxsToOgkt,2484291060,40089148,PJZFNXvory,RGszcTdu,31,47521
905,rJSuSBXQ,JkwNMBwWtH,snphjjKcUGHk,4749584738,88906648,ZeTPxPEwuf,rICKKvIk,28,31726
906,PkVbPawQ,HDYwQvGXWI,QMXaDPARPHMh,1311482662,54491905,bRyrmbYzMf,fTwUXHQa,43,82369
907,cxIrcJfO,RfiEuDQRpe,gdDRiamfBiBB,5467689768,18544240,tkOccgTHOX,PADGCeIR,22,48669
908,XAQbSPcR,sCTyQRnLfS,CwNRaOGBsPlD,4506120736,89994795,bTRZpdTsve,FVHqIoal,58,32301
909,qcrSsMnT,CjfrKgVZZk,zVKEjDHqWEXC,4255066867,21292125,TnjDJtJlZu,nWYnXdMH,30,84677
910,rLsKZsYM,LOUGXTxxNZ,oeCLmyFVlgCJ,6683625176,47039069,SEaKyQtYmC,TYsdwaXd,48,42014
911,JGsHXKNr,wdaDfNvHfv,bPLHASAHdjuG,9084170827,19955119,cyvaYZmZCq,qrHJEMTH,39,70186
912,zUwKQniN,hbEYScbZqu,jSDOqJyLSnbO,1837172348,53443977,EfknFRWtmt,UtxlYNDI,63,90005
913,JADgILpg,rZkMKkVKpI,eFHQyIZkOMTG,5518354310,28187487,bYtSrSBLGl,qGRktGjO,18,47499
914,noWqDDed,atUpZoOQWV,QRGgRaIiDaZR,8036501461,64258203,PRihQhZpkM,ctdRWECV,60,89468
915,nhbDRUDm,qWFMAokuHk,pGKFCcSiTWWQ,9620143198,13147915,WmkdScwIGg,NOABmfTn,21,61450
916,qIduPBiM,wXCZtLNMMo,yLnKpfKMIsjP,2607093353,50966721,yXrPqnUGMU,rroTQAWh,38,94305
917,gMUYpBzq,NWQOPmJNZE,oZkoYZIhBCTT,9484815528,32123862,uwTPCrVFhf,jaGYhBJm,31,29806
918,CzjrmIMO,qSitjzuNes,HCDxrcQlBqNL,7151983539,66656661,XdxyyoqXDw,jMaxfjMN,33,72263
919,AfWNrasq,tihllTkgkb,owfENKgTuLDp,5404690760,39210572,oixCVwGnDD,kaZrLKyZ,46,71145
920,hNhMQUVb,OJpQsuaDxh,JApropkdDWhl,6581949886,41297857,mCbPVylStw,ZchFgsan,38,84814
921,BZBmutbs,tdyKISSQMc,MOBSNZPevyJP,6951112820,80180400,dCxUddvnYh,txecoxbP,23,62777
922,iVkHgbty,viQqhysbwy,sjUnQgXdjIdu,6467418138,75173264,hWeKzyvgCJ,zQpFCCKS,21,73461
923,TXRKmPIi,DESjAoYHEx,dGtlIYzbFmmC,5667477559,23331490,ejRxhmQFZC,JsGeGHfp,33,92759
924,tAYWUAxE,YADYTsZWJG,qgRkTEqTLtDy,2666755265,77342729,pbwjEmNLpL,fwimbPCF,42,54470
925,XBAlaYxt,fguCbGMVOa,GpRAnEpmEusV,2791642212,11119298,EFourcYMXA,ExHzknJY,41,83265
926,UdfQjSKD,FSFiSKLIRn,iGJnJQIYBlED,2249335529,19923224,xUqwjKPWBe,GSfmCBRQ,50,66692
927,JwSAQYOC,lPSlWLCHOu,XJXuBJNcMoJP,7514745259,40460726,NnRlOLqrmC,xkHyQUVD,24,38327
928,FmamRLde,qERcRdxHBd,StkjdwWeNEmO,8533778918,82635744,ejisyrGHhp,JKyillcr,47,90161
929,nRccooQy,eVTGNTCfzT,JBBEJsvKlvrq,8599837296,98931269,dAEQpkQtyd,kgDShlzv,58,74113
930,DNMjPlWc,FbyBgLuBnI,qfhqfxuhmOCm,4574971733,77072621,IhNgoQKPZm,nEkrzwrQ,61,96092
931,nzteEJsL,MDTVSpwSIU,YLQxKTjmnjQK,9483377804,37298262,sNtudlOiZE,ewlNJrVn,51,30599
932,mcUYXQUx,KunAzZkFrU,nHsOpUAhTZTE,1596056429,58127885,PCSLBEDdGu,LUrAoPmX,52,47073
933,NBuzLtji,EpQNQToiyL,UWYSXMkKRfpK,1393118891,32642344,VHqOyXzDOf,ItWsPuvI,31,79811
934,SoqzaONE,QKRnHsFEZs,uqeIymgOmELy,8907162256,72933504,IJilKJKppj,bvIwUiny,55,53933
935,VbfuJuwR,wQeIQMhzhE,UDOHNHicDPMg,4120800294,36204167,wyDPoMJijE,utiAZcWr,31,50507
936,PKBoZbeC,KrhCfkpyPL,ndqTHsOziLwz,1220619847,91590533,zOvWvCcMpU,EfmXRAgi,65,92618
937,UihLVEjn,RlMXvTTYTg,VaZGYSjHvHGt,1653384161,59402087,wMwPpoTsZx,rAnkGCPS,35,79255
938,NpJMLqtt,XDbZPYsxug,zDiqdmSdCwHB,5669741501,87803741,NdecRnfNFZ,GelHHyFq,29,96993
939,zQYHQFfo,dNpeDipkoz,voDsITPqKmBC,5233686978,23918215,utXrVCzmrK,RHZvQJvp,62,54285
940,eORHFhIH,YJGBpupuOL,OQUEuFZduOKD,4739531759,99868170,nVxyjKENAo,WGIkepbn,48,28574
941,fcPQYgVq,IeEVpHHWWs,JXSBRimKzwGH,5841287044,99870900,WKTfDvssNI,LszVFWbw,48,57861
942,nBXttOJc,zYDJVAfzub,DCOZyvrjRlYK,9231706005,51407363,dGeLPyQsgY,uyKbUqoA,49,95143
943,MPSkebSu,AmKYfDElKn,cVPKeHHIbncy,7350904132,27655113,RSoDrywJDG,lqCApEXR,43,24897
944,ZGJdHeJZ,kWxeUtdvRT,PHJsWZUiHsyD,5847032825,47938166,FZgiauzCCC,HEHbautZ,29,94326
945,rVxElsNQ,dKXEgokToj,crFXLDAzbkXT,9246425456,81766869,JloqUdrmUe,DYxUjRZs,63,98994
946,UgIiakfm,nlhMqDaxVU,ZeAIfbJhENke,2140805638,28080579,EoTTDVCjDo,UdVxmeRX,50,68890
947,LQDWetLM,nNSTrgqxdh,EWkQoLXcSvTs,4369613361,40963829,pERDhYEEUS,KIxEqvNz,64,98720
948,kXboCjVK,ltNOXtYfaN,FpXaaZRBDXqz,1581998404,30586892,JlNfEghlGp,WZuuBtRC,39,24177
949,BcCyIPim,MncVeysvHP,uuVSgVyaYYee,1041275379,10640964,IRMGNFUurs,PYzNicXf,57,87049
950,aMTDHRxw,bhPMydmZuS,NwxuclNVpOgB,2923007413,69386426,gosdfZRvsx,ZJdXorrQ,20,86864
951,yYUHcwRr,OIqtCbNDRt,bTbgKqIzMuEx,2264519443,38351603,xzHmnSdNWO,IWBGPZQY,34,63507
952,JSjshnla,AgPuHerWOy,osFlIaYODbZt,3913457196,11677178,FjrXwkGiJK,bNiVXXwZ,48,66355
953,lpdfJMhf,UDobYLFnEC,UqLGqnRkUEeG,1560750510,60030401,mWfRWXIZLy,EENepCuf,57,27432
954,jkGskVKE,pvSEukvgJN,HnbXTUFNdbjw,9546935829,83117306,cPViLudeNk,sopVYxby,21,20571
955,uRwzyOJF,SWgRMhTnhn,CxvRoHKRCACO,8313484409,12038978,bhVjrpaQdL,kiLlDddX,40,56654
956,htvBIyMj,SEcRSRewdI,fQWFdQmAmlxa,1911094234,43911985,JKKDMUyOkm,dSWfvyzc,59,99349
957,OGYIAxMR,GfGunbjpCy,uDSFjOEJuPtz,5029062249,96190798,wMQbXiBZTz,YShZUjAf,59,84911
958,TJlFScgO,emHZlhyfNE,YRItxWwORntj,3725376971,73651263,mivvpSxhMk,qxEpylfh,21,97293
959,FxZcKZjU,aaDTwHzxIJ,bvTRkoxSWSDA,6042775894,24449125,SqKlJXJxxj,NreIChhi,22,82630
960,OizhlFWr,getAVOhMmX,eaTrECEYqECp,9612941422,85201765,BWPCxcsvjK,yguKoYBS,58,79422
961,lBWIMLVa,IwrPJExxyn,UXnQzNwcBrQl,8051022722,72820042,vrfZCKwiIh,kMcGyCmB,62,53895
962,HsMciPmo,YvObBUTnCT,sxozVlzBiNrx,6765183834,75966578,VevBGXsoiV,mKWkcGCk,31,67868
963,OHEMVGyq,ZWBLLtklDJ,qcqDrpAHkiur,2723325003,71871389,wNioZxhZHF,ZIVbXmCF,44,54992
964,JhXulLVF,yOlpbDBnMF,rKVsFiwyynsY,6359725989,59873621,CujDBjBWjj,FOqwdyRX,53,96853
965,lytEVCLw,iphExqPWtJ,waCdhatvnbja,8420834956,48477470,BqHtXBtAJv,OALNQcZk,20,56943
966,ESFnUDvf,XBopqOzOwD,FhBksAoeGaKw,7386442481,92460058,AzFHGdcHZV,bnIEpBCy,65,77973
967,TqJgwPRj,JCPqHQWlNS,bTNKVblouNTV,7510863209,54262871,HMJwimwKsF,klMrhZtZ,50,99061
968,mBmnumwm,jTRkcxZoyo,oejUKmqiFTcz,3138136641,76707140,MkUtCwKAVh,WlnUEGuq,24,54233
969,aAjGJFPt,rSROUQJdIR,tkgKyMNgFgQL,3400782709,35566491,yIGHUQROCx,WVxnWWJz,28,79534
970,tdhwtcfZ,kyscJRUQsj,IaUeIQjBxBsn,5676606201,94910612,kjYDCYrBZb,PmCgWbDn,32,96859
971,nGpqrxWC,VbVdQLQMOp,hLsSzJTlOZvb,4369504420,23407859,jhxEgFVpRx,NZdLkmIy,59,83576
972,ysSoLEuF,UEFLKXJJtr,sUHzBYyPiCCf,8297036510,45290168,zlsPvPImZY,sVvAWYEd,38,50087
973,kxHrmxUd,IDKnLLXlCv,TVFzqvuHNYTH,5544067967,95383116,snnLHzJZhy,DMMauBQY,59,39653
974,GqFphaOI,ZjaAqbJxpz,WyczNgFWJMoX,9314668856,84474565,QteMpzGEen,YDEQtyIy,21,80703
975,ttfglpyk,oGlVIdjury,HPcTmCNSmFdq,2799241258,31092510,LeDCNxTyTv,vKyopOmO,46,55213
976,cCgaPpUG,KrYSdTggfo,BFoLFnAKKjei,5071250870,23943929,jtJFWVdxvO,hdLmEniR,53,52055
977,ABxDWUoo,TOjQjJReNt,OKMaVIQvPwZE,2467006838,41631471,AQdgdUlLSc,nDpRBYLy,18,31082
978,ViRjnufP,RRMcfFIXbz,ZmolPBRKolmu,9150401208,69714718,wUqYVZTTFm,RapEIJPB,20,65926
979,huNdWaJg,LQxTxWblSn,uMgYnbjJTKmB,4628163322,68664916,iTiXdUicwA,wCsHmRjb,61,57434
980,YfyCQHHg,GXfHflWKqv,lpROxPTYEhPl,2395811289,18015465,xwYyjHxrJp,AsadknOy,52,94856
981,ulDFuxHx,CbyAEhKTMP,XKHWbPDJrDkg,9462933205,84071113,zSosyBWbxT,SEGnZSxW,33,35129
982,hKYMMBPP,xlMfcaMtPb,xuKHFuIHmknv,8837161298,27694629,bqZytAjJNQ,QNUXLoIE,36,85054
983,HshZcWaB,uTftGKeqwr,aGTHJEVZlsXG,3238443560,39303975,dhfvSjFtoq,epqscncc,26,48658
984,uxPnAICD,HiBDMMhWBa,dItSZCALdziA,9281782540,79220877,IBfylNClKv,yXnVUFcK,61,47797
985,sbuMcGNq,fINLzTSpvx,AxpyosVOMBaw,1771232425,91831124,ARbpRLxwoD,vQAKPELo,38,58552
986,MYlYfItb,kKlTpnMiOT,uuiEFBDGUOJX,4894710140,78659469,tnbIUOTESA,iyLweYeG,23,57926
987,FFoqTsaT,YKsMMOXxFo,KqYIOZcooGaD,1358782198,61911350,byMJBxtlnL,OSEpGbro,48,50644
988,rrCysyvj,RfvKHCPEIF,LwfbfvEMGTum,6978400529,13637622,TkLljrvmnN,gDjkxHCf,65,91375
989,ZSBnygXn,QnIgQBXqTI,JnSVlTXqyiwg,7814908120,83324823,nbhiXGwzQh,gfXEYyHn,21,59813
990,SBLnIpMV,ahVsEgRgwl,gQFuDtcEUciS,3804034535,80856826,GVRLitDOQw,JxcnkyWh,42,66460
991,fgkkEAHg,sRbsMNTfgb,rhpNpwnkHZLN,8312129901,89442890,tqnnPyezbR,JrBPjjaG,28,86571
992,BuJRpcEU,uqPtuIGRRf,ReBGcFrNtRqW,2288273289,41066814,bUGHIrrKkd,QntQuqcM,43,49910
993,zyiBgiyX,rKUXITVEjd,qLyQtDgmcNWR,7128192413,58067700,RXZqJGhQKG,CbHjnifm,18,87352
994,gjOnOsEo,QdgQfWMKjM,kNDIbveQaeUo,1478153485,93094418,kPFeMuPowc,DpXsVZlw,31,32908
995,qEHyYPut,JKwZsIteNI,jsTwhBOTBRJr,1749946317,99993744,MfmEAEoDMU,qpCQdbhD,50,34081
996,BWBnPwce,OcUbhkWVSv,hZUOxQYtJLSa,4305614526,20990600,xFFIMcmmrH,gkmDRhCF,40,75444
997,gIVXcvmZ,uRXuExnssW,QwCXEaqkWeWa,1452666960,48814435,TlqaGxIRmq,uABDOfEt,22,80414
998,ZJXFjMWP,XkcMuJzzuA,BoSVVGaZsSxr,8140230574,21938135,CfbCBwVnZw,TUzZYRyH,63,21565
999,ILKSVDaH,utucDStUeC,aeUYdrsWeUxE,7182171450,36155840,oRDPLAwavw,sFGXdiNn,35,51096
1000,ZUOqQRDP,oUieXbbVVv,KgbOdcgpOxoD,5230654620,39663796,fvixLeJeZN,EFobRRVz,21,64590
